id,name,description,latitude,longitude,city,region,category,activities,estimated_cost,avg_duration_hours,mood_tags,rating
1,Baltit Fort,A 700-year-old fort perched above Karimabad offering panoramic views of Hunza Valley and surrounding peaks.,36.325584,74.669800,Karimabad,Gilgit-Baltistan,Fort,Photography; Sightseeing; History Tours; Museum Visit,700 PKR,2,family; couple; cultural; educational,4.6
2,Altit Fort,One of the oldest forts in Gilgit-Baltistan dating back over 1100 years with a restored garden and museum.,36.316593,74.682175,Karimabad,Gilgit-Baltistan,Fort,Photography; Sightseeing; Walking; History Tours; Museum Visit,500 PKR,1.5,family; couple; cultural; educational; romantic,4.5
3,Eagle's Nest Viewpoint,"A famous viewpoint above Duikar offering breathtaking sunrise views of Rakaposhi, Diran, and Lady Finger peaks.",36.323873,74.690502,Karimabad,Gilgit-Baltistan,Viewpoint,Photography; Sightseeing; Sunrise Viewing,0 PKR,1.5,couple; solo; romantic; peaceful; meditative,4.3
4,Attabad Lake,"A stunning turquoise lake formed in 2010 by a massive landslide, now a popular spot for boating and jetskiing.",36.308414,74.807465,Hunza,Gilgit-Baltistan,Lake,Photography; Sightseeing; Boating; Jetskiing; Picnicking,3000 PKR,3,family; friends; couple; adventurous; thrilling,4.6
5,Passu Cones,"Dramatic cathedral-shaped peaks also known as Passu Cathedral or Tupopdan, iconic to the Karakoram Highway.",36.455240,74.901634,Passu,Gilgit-Baltistan,Mountain,Trekking; Hiking; Photography,0 PKR,1,solo; couple; peaceful; meditative,4.8
6,Passu Suspension Bridge,"A thrilling rope bridge swaying over the Hunza River, one of the most photographed bridges in Pakistan.",36.447549,74.900528,Passu,Gilgit-Baltistan,Bridge,Photography; Walking,0 PKR,0.5,friends; solo; adventurous; thrilling,4.8
7,Hussaini Suspension Bridge,One of the world's most dangerous hanging bridges stretching over Borit Lake near Passu.,36.47276,74.89443,Passu,Gilgit-Baltistan,Bridge,Photography; Walking,0 PKR,0.5,friends; solo; adventurous; thrilling,4.8
8,Borith Lake,"A serene glacial lake near Passu surrounded by mountains, popular for birdwatching and camping.",36.430187,74.862785,Passu,Gilgit-Baltistan,Lake,Camping; Photography; Sightseeing; Birdwatching,500 PKR,2,family; friends; relaxed; peaceful,4.3
9,Karimabad Bazaar,"The main market street of Karimabad offering local handicrafts, gemstones, dry fruits, and traditional Hunza cuisine.",36.322635,74.669868,Karimabad,Gilgit-Baltistan,Market,White-water Rafting; Shopping; Food Tasting,500 PKR,2,family; friends; couple; laid-back; festive,4.6
10,Ganish Village,An ancient settlement on the Silk Road with over 400-year-old watchtowers and carved wooden mosques.,36.327056,74.659336,Karimabad,Gilgit-Baltistan,Historical Site,Photography; Sightseeing; History Tours,0 PKR,1.5,family; couple; cultural; educational; peaceful,4.6
11,Sacred Rock of Hunza,Ancient rock carvings and petroglyphs near Ganish village dating back thousands of years.,36.31245,74.6863,Karimabad,Gilgit-Baltistan,Archaeological Site,Photography; Sightseeing; History Tours,0 PKR,1.5,family; couple; cultural; educational; spiritual,4.9
12,Ultar Meadows,A high-altitude meadow at the base of Ultar Sar peak accessible via a challenging trek from Karimabad.,36.353802,74.677959,Karimabad,Gilgit-Baltistan,Meadow,Trekking; Hiking; Camping; Photography; Picnicking; Stargazing,500 PKR,5,friends; solo; adventurous; peaceful,4.6
13,Lady Finger Peak Viewpoint,Viewpoint for the iconic 6000m Lady Finger Peak (Bublimotin) visible from multiple spots in Hunza.,36.327056,74.659336,Karimabad,Gilgit-Baltistan,Viewpoint,Photography; Sightseeing,0 PKR,1,solo; peaceful; romantic,4.6
14,Rakaposhi Viewpoint (Zero Point),A roadside viewpoint on KKH offering direct views of the 7788m Rakaposhi peak.,36.26667,74.68333,Hunza,Gilgit-Baltistan,Viewpoint,Photography; Sightseeing,0 PKR,1,solo; peaceful; romantic,4.9
15,Duikar Village,A small hamlet above Karimabad famous for its sunrise viewpoint and traditional Hunza architecture.,36.327056,74.659336,Karimabad,Gilgit-Baltistan,Village,Photography; Sunrise Viewing; Cultural Tours; Village Walks,0 PKR,1.5,couple; solo; peaceful; romantic; meditative,4.6
16,Gulmit Village,"A historic village in Upper Hunza known for its traditional houses, museum, and weaving center.",36.387894,74.862464,Gulmit,Gilgit-Baltistan,Village,Photography; Cultural Tours; Village Walks; Museum Visit; Handicraft Shopping,0 PKR,2,family; couple; peaceful; cultural; educational,4.8
17,Gulmit Heritage Museum,"A cultural museum in Gulmit showcasing traditional artifacts, costumes, and tools of the Wakhi people.",36.387894,74.862464,Gulmit,Gilgit-Baltistan,Museum,Photography; Sightseeing; Museum Visit,200 PKR,1.5,family; couple; cultural; educational,4.8
18,Ondra Fort,Ruins of an ancient watchtower fort in Gulmit with views over the Hunza River valley.,0.000000,0.000000,Gulmit,Gilgit-Baltistan,Fort,Photography; Sightseeing; History Tours,0 PKR,1.5,family; couple; cultural; educational,5.0
19,Passu Glacier,A massive glacier near Passu village accessible by a moderate trek offering stunning ice formations.,36.464367,74.744100,Passu,Gilgit-Baltistan,Glacier,Trekking; Photography; Ice Hiking,2000 PKR,4,friends; solo; adventurous; energetic,4.5
20,Gulkin Glacier,An accessible glacier near Gulkin village where you can walk on the ice and see meltwater streams.,36.406436,74.862323,Gulkin,Gilgit-Baltistan,Glacier,Trekking; Photography; Ice Hiking; Walking,2000 PKR,4,friends; solo; adventurous; energetic,4.8
21,Gulkin Village,A small Wakhi village offering homestay experiences with views of Passu Cones and surrounding glaciers.,36.406436,74.862323,Gulkin,Gilgit-Baltistan,Village,Photography; Cultural Tours; Village Walks; Homestay Experience,0 PKR,2,peaceful; cultural; educational,4.8
22,Hopper Glacier,A long valley glacier near Hopper village known for its dramatic ice walls and trekking opportunities.,36.22742,74.7549,Hunza,Gilgit-Baltistan,Glacier,Trekking; Photography; Ice Hiking,2000 PKR,4,friends; solo; adventurous; energetic,4.3
23,Hopper Valley,"A scenic side valley of Hunza with terraced fields, orchards and views of Hopper Glacier.",36.26667,74.68333,Hunza,Gilgit-Baltistan,Valley,Hiking; Photography; Sightseeing; Nature Walks; Walking,0 PKR,5,friends; relaxed; peaceful,4.9
24,Aliabad Bazaar,"The commercial hub of Central Hunza with shops, restaurants, and local markets.",36.315409,74.625353,Aliabad,Gilgit-Baltistan,Market,Shopping; Food Tasting,500 PKR,1.5,family; friends; laid-back,4.1
25,Hunza River Viewpoint,Multiple viewpoints along the KKH offering views of the turquoise Hunza River cutting through gorges.,36.299319,74.613428,Hunza,Gilgit-Baltistan,Viewpoint,Photography; Sightseeing,0 PKR,1,family; couple; solo; peaceful; romantic,4.9
26,Khunjerab Pass,The highest paved international border crossing in the world at 4693m on the Pakistan-China border.,36.850000,75.427800,Hunza,Gilgit-Baltistan,Pass,Photography; Sightseeing; Jeep Safari,3000 PKR,2,family; friends; couple; adventurous,4.5
27,Khunjerab National Park,"A high-altitude national park home to Marco Polo sheep, ibex, and snow leopards along the Chinese border.",36.850525,75.431850,Hunza,Gilgit-Baltistan,Park,Photography; Sightseeing; Jeep Safari; Wildlife Watching,3000 PKR,4,family; friends; adventurous; peaceful,4.4
28,Misgar Village,"The last Pakistani village before the Chinese border, a remote settlement with stunning mountain views.",36.787481,74.768231,Hunza,Gilgit-Baltistan,Village,Photography; Cultural Tours; Village Walks,0 PKR,2,family; couple; solo; peaceful; cultural; educational,4.2
29,Sost Border Town,The last major town before Khunjerab Pass serving as the customs checkpoint for Pakistan-China trade.,36.71074,74.81991,Sost,Gilgit-Baltistan,Village,Photography; Cultural Tours; Village Walks,0 PKR,2,family; couple; peaceful; cultural; educational,4.8
30,Karimabad Cherry Blossom Road,"A scenic road through Karimabad lined with cherry and apricot blossom trees, stunning during spring season.",36.31899,74.66427,Karimabad,Gilgit-Baltistan,Viewpoint,Photography; Sightseeing,0 PKR,1,family; couple; solo; peaceful; romantic,4.6
31,Hoper Nagar Viewpoint,A viewpoint offering dramatic views of the Hoper Valley and Golden Peak (Spantik).,36.26667,74.68333,Hunza,Gilgit-Baltistan,Viewpoint,Photography; Sightseeing,0 PKR,1,solo; relaxed; peaceful; romantic; cultural; educational,4.9
32,Diran Base Camp Trail,Trekking trail leading to the base of 7266m Diran Peak through alpine meadows.,36.26667,74.68333,Hunza,Gilgit-Baltistan,Adventure Spot,Trekking; Camping; Photography,1000 PKR,8,friends; solo; adventurous; energetic,4.9
33,Spantik Base Camp Trail,Multi-day trekking route to the base of the 7027m Golden Peak through Nagar Valley.,36.056905,74.964287,Nagar,Gilgit-Baltistan,Adventure Spot,Trekking; Camping; Photography,1500 PKR,10,solo; friends; adventurous; energetic,4.8
34,Batura Glacier,One of the longest glaciers outside the polar regions stretching over 56km in Upper Hunza.,36.505497,74.853970,Passu,Gilgit-Baltistan,Glacier,Trekking; Photography; Ice Hiking,2000 PKR,5,friends; solo; adventurous; energetic,4.5
35,Batura Wall Viewpoint,A viewpoint near Passu offering views of the massive Batura glacier and its surrounding peaks.,36.465816,74.894326,Passu,Gilgit-Baltistan,Viewpoint,Photography; Sightseeing,0 PKR,1,solo; peaceful; romantic,4.8
36,Shishkat Village,A picturesque village between Gulmit and Passu known for its terraced farms and apricot orchards.,36.354833,74.864253,Hunza,Gilgit-Baltistan,Village,Photography; Walking; Cultural Tours; Village Walks,0 PKR,2,family; couple; peaceful; cultural; educational,4.9
37,Zarabad Hot Spring,A natural hot spring near Passu used by locals for therapeutic bathing.,36.465816,74.894326,Passu,Gilgit-Baltistan,Hot Spring,Photography; Hot Spring Bathing; Relaxation,300 PKR,1.5,family; couple; relaxed; peaceful,4.8
38,Jamal Abad Garden,A beautiful terraced garden in Karimabad with fruit trees and panoramic mountain views.,36.327056,74.659336,Karimabad,Gilgit-Baltistan,Park,Photography; Walking; Picnicking,30 PKR,3,family; couple; friends; relaxed; peaceful; romantic,4.6
39,Hunza Nagar Rock Carvings,Ancient petroglyphs and rock inscriptions found at various sites along the Karakoram Highway near Hunza.,36.49721,75.00414,Hunza,Gilgit-Baltistan,Archaeological Site,Photography; Sightseeing; History Tours,0 PKR,1.5,family; couple; cultural; educational,5.0
40,Tupopdan Viewpoint,A popular photography spot to capture the cathedral-like spires of the Tupopdan peaks above Passu.,36.465816,74.894326,Passu,Gilgit-Baltistan,Viewpoint,Photography; Sightseeing,0 PKR,1,solo; peaceful; romantic,4.8
41,Ghulmet Village,A traditional village in upper Hunza known for organic farming and spectacular mountain scenery.,36.351932,73.83021,Hunza,Gilgit-Baltistan,Village,Photography; Cultural Tours; Village Walks,0 PKR,2,family; couple; peaceful; cultural; educational,4.2
42,Hassanabad Glacier,A retreating glacier near Aliabad that created a temporary lake and remains a geological attraction.,36.305981,74.616672,Aliabad,Gilgit-Baltistan,Glacier,Trekking; Photography; Ice Hiking,2000 PKR,4,friends; solo; adventurous; energetic,4.5
43,Karimabad Polo Ground,A traditional polo ground in Karimabad where locals play the ancient sport with stunning mountain backdrops.,36.327056,74.659336,Karimabad,Gilgit-Baltistan,Adventure Spot,Photography; Polo Watching,0 PKR,2.5,family; friends; adventurous; thrilling; energetic; cultural; educational,4.6
44,Hyderabad Village (Hunza),A small village near Aliabad known for its old watchtowers and terraced apricot orchards.,25.46189,68.713571,Hunza,Gilgit-Baltistan,Village,Photography; Walking; Cultural Tours; Village Walks,0 PKR,2,family; couple; peaceful; cultural; educational,3.3
45,Murtazabad Hot Spring,Natural geothermal springs near Murtazabad village used for relaxation and traditional healing.,36.28121,74.60518,Hunza,Gilgit-Baltistan,Hot Spring,Photography; Hot Spring Bathing; Relaxation,300 PKR,1.5,family; couple; relaxed; peaceful,4.9
46,Nagar Khas Village,The old capital of the Nagar kingdom with traditional stone houses and historical ruins.,36.27542,74.71959,Nagar,Gilgit-Baltistan,Village,Photography; Cultural Tours; Village Walks,0 PKR,2,family; couple; peaceful; cultural; educational,4.3
47,Minapin Glacier,A dramatic glacier near Minapin village in Nagar offering accessible ice hiking experiences.,36.178427,74.596731,Nagar,Gilgit-Baltistan,Glacier,Trekking; Hiking; Photography; Ice Hiking,2000 PKR,4,friends; solo; adventurous; energetic,4.5
48,Minapin Village,A small Nagar village serving as the base for treks to Rakaposhi Base Camp and Minapin Glacier.,36.178427,74.596731,Nagar,Gilgit-Baltistan,Village,Trekking; Camping; Photography; Cultural Tours; Village Walks,500 PKR,10,family; couple; peaceful; cultural,4.3
49,Rakaposhi Base Camp,"A popular trekking destination at the foot of the 7788m Rakaposhi, the 27th highest peak in the world.",36.198488,74.554285,Nagar,Gilgit-Baltistan,Adventure Spot,Trekking; Mountaineering; Camping; Photography,3000 PKR,10,friends; solo; adventurous; energetic,4.5
50,Hispar Village,"A remote village at the entrance of the Hispar Glacier, gateway to the Snow Lake trek.",36.10572,75.23341,Nagar,Gilgit-Baltistan,Village,Photography; Cultural Tours; Village Walks,0 PKR,2,solo; adventurous; energetic; relaxed; peaceful; romantic; cultural; educational,4.3
51,Hispar Glacier,A major glacier in Nagar Valley that connects to the Biafo Glacier forming the longest glacial system outside polar regions.,36.04957,75.23098,Nagar,Gilgit-Baltistan,Glacier,Trekking; Photography; Ice Hiking,2000 PKR,6,solo; friends; adventurous; energetic,4.5
52,Rush Lake,"One of the highest lakes in the world at 4694m, accessible via a challenging trek from Nagar.",36.173444,74.882757,Nagar,Gilgit-Baltistan,Lake,Trekking; Camping; Photography,1500 PKR,12,solo; friends; adventurous; peaceful,4.3
53,Askurdas Village,A hamlet in Nagar valley known for its cherry blossoms in spring and isolation from tourist crowds.,36.351932,73.83021,Nagar,Gilgit-Baltistan,Village,Photography; Cultural Tours; Village Walks,0 PKR,2,family; couple; peaceful; cultural; educational,4.3
54,Ghulkin Glacier Viewpoint,An elevated viewpoint offering panoramic views of Ghulkin Glacier flowing down to the valley floor.,36.416218,74.881497,Gulkin,Gilgit-Baltistan,Viewpoint,Photography; Sightseeing,0 PKR,1,solo; peaceful; romantic,4.6
55,Chipursan Valley,A remote valley near the Afghan and Chinese borders with untouched natural beauty and Wakhi culture.,36.26667,74.68333,Hunza,Gilgit-Baltistan,Valley,Hiking; Photography; Sightseeing; Nature Walks,0 PKR,5,family; couple; friends; solo; relaxed; peaceful,4.9
56,Zood Khun Village,A remote Wakhi village in Chipursan Valley known for its hot springs and pristine landscapes.,36.829176,74.427988,Hunza,Gilgit-Baltistan,Village,Photography; Cultural Tours; Village Walks,0 PKR,2,family; couple; solo; peaceful; cultural; educational,4.2
57,Chapursan Hot Spring,Natural hot water springs in the remote Chipursan Valley offering a serene bathing experience.,36.687152,74.82162,Hunza,Gilgit-Baltistan,Hot Spring,Photography; Hot Spring Bathing; Relaxation,300 PKR,1.5,family; couple; relaxed; peaceful,4.4
58,Irshad Uwin Pass,A high mountain pass connecting Chipursan Valley with the Wakhan Corridor offering spectacular views.,36.877904,74.142179,Hunza,Gilgit-Baltistan,Pass,Photography; Sightseeing,0 PKR,1.5,family; couple; friends; adventurous; peaceful,4.5
59,Yazghil Glacier,A large glacier in the Shimshal Valley known for its stunning blue ice formations.,36.33715,75.34241,Shimshal,Gilgit-Baltistan,Glacier,Trekking; Photography; Ice Hiking,2000 PKR,4,friends; solo; adventurous; energetic,4.7
60,Shimshal Village,The highest and most remote village in Hunza known for yak herding and mountaineering culture.,36.438306,75.328541,Shimshal,Gilgit-Baltistan,Village,Mountaineering; Photography; Cultural Tours; Village Walks,2000 PKR,6,solo; friends; adventurous; cultural; peaceful,4.4
61,Shimshal Pass,A high altitude pass at 4735m connecting Shimshal village with the Pamir region.,36.438306,75.328541,Shimshal,Gilgit-Baltistan,Pass,Photography; Sightseeing,0 PKR,1.5,family; couple; friends; adventurous; peaceful,4.5
62,Shimshal Lake (Shuwert),A high-altitude lake near Shimshal village accessible via a multi-day trek through stunning landscapes.,36.4492,75.31116,Shimshal,Gilgit-Baltistan,Lake,Trekking; Photography; Sightseeing; Picnicking,0 PKR,24,family; couple; friends; adventurous; energetic; relaxed; peaceful,4.7
63,Minglik Sar Viewpoint,Viewpoint for the 7050m Minglik Sar peak visible from Shimshal Valley.,36.437497,75.316678,Shimshal,Gilgit-Baltistan,Viewpoint,Photography; Sightseeing,0 PKR,1,solo; peaceful; romantic,4.7
64,Karakoram Highway Viewpoint (KKH),"Multiple scenic stops along the famous KKH offering views of gorges, rivers, and peaks.",36.26667,74.68333,Hunza,Gilgit-Baltistan,Viewpoint,Photography; Sightseeing,0 PKR,1,solo; peaceful; romantic,4.9
65,Atta Abad Lake Boat Ride,Boat cruise on the turquoise Attabad Lake with views of submerged village remnants and mountains.,36.332,74.85,Hunza,Gilgit-Baltistan,Adventure Spot,Photography; Sightseeing; Boating,1500 PKR,2.5,family; friends; adventurous; thrilling; energetic; relaxed; romantic,4.6
66,Hunza Valley Sunset Point,A popular spot near Eagles Nest to watch the sunset paint the Karakoram peaks golden.,36.31899,74.66427,Karimabad,Gilgit-Baltistan,Viewpoint,Photography; Sightseeing; Sunset Viewing,0 PKR,1,solo; peaceful; romantic; cultural; educational,4.9
67,Mominabad Viewpoint,An elevated viewpoint in Mominabad offering 360-degree views of central Hunza Valley.,36.327056,74.659336,Karimabad,Gilgit-Baltistan,Viewpoint,Photography; Sightseeing,0 PKR,1,family; couple; solo; peaceful; romantic,4.6
68,Nagar Valley Panorama Point,A scenic overlook offering sweeping views across the entire Nagar Valley and its glaciers.,35.982838,74.920822,Nagar,Gilgit-Baltistan,Viewpoint,Photography; Sightseeing,0 PKR,1,solo; peaceful; romantic,4.7
69,Chalt Village,A historic village at the confluence of the Hunza and Chaprot rivers with ancient watchtowers.,36.351932,73.83021,Hunza,Gilgit-Baltistan,Village,Photography; Cultural Tours; Village Walks,0 PKR,2,family; couple; peaceful; cultural; educational,4.2
70,Chaprot Valley,A lesser-known valley near Chalt with walnut forests and hot springs.,36.26534,74.28555,Hunza,Gilgit-Baltistan,Valley,Hiking; Photography; Sightseeing; Nature Walks,0 PKR,5,family; couple; friends; relaxed; peaceful; meditative,4.6
71,Nomal Valley,A peaceful side valley near Gilgit known for its terraced farms and fruit orchards.,35.925318,74.359912,Gilgit,Gilgit-Baltistan,Valley,Hiking; Photography; Sightseeing; Nature Walks; Walking,0 PKR,5,family; couple; friends; relaxed; peaceful,5.0
72,Rakaposhi Zero Point Camp,A designated camping area at the base approach to Rakaposhi offering tent camping under the stars.,36.198488,74.554285,Nagar,Gilgit-Baltistan,Camping Site,Hiking; Camping; Photography; Stargazing,500 PKR,4,family; friends; adventurous; relaxed; peaceful; romantic; meditative,4.5
73,Shishpar Glacier,"A surging glacier in Hassanabad that created a temporary lake, a dramatic geological site.",36.29,74.61,Hunza,Gilgit-Baltistan,Glacier,Trekking; Photography; Ice Hiking,2000 PKR,4,friends; solo; adventurous; energetic,4.9
74,Golden Peak (Spantik) Viewpoint,Viewpoint for the stunning 7027m pyramid-shaped Golden Peak visible from Nagar.,36.056905,74.964287,Nagar,Gilgit-Baltistan,Viewpoint,Photography; Sightseeing,0 PKR,1,solo; relaxed; peaceful; romantic; cultural; educational,4.0
75,Sumayar Village,"A Nagar village known for its gemstone mines, ruby deposits, and traditional stone architecture.",36.305369,74.654656,Nagar,Gilgit-Baltistan,Village,Photography; Cultural Tours; Village Walks,0 PKR,2,family; couple; peaceful; cultural; educational,4.3
76,Sumayar Nagar Heritage Walk,A walking trail through the old village of Sumayar showcasing centuries-old Nagar architecture.,35.982838,74.920822,Nagar,Gilgit-Baltistan,Historical Site,Photography; Sightseeing; Walking; History Tours,0 PKR,1.5,family; couple; cultural; educational,4.3
77,Wolf's Den Campsite (Hunza),A scenic camping spot above Karimabad with dramatic views of the valley and peaks.,36.327056,74.659336,Karimabad,Gilgit-Baltistan,Camping Site,Hiking; Camping; Photography; Stargazing,500 PKR,4,friends; adventurous; relaxed; peaceful; romantic; meditative,4.9
78,Old Silk Route Trail (Hunza),Historical trading path through Hunza Valley once used by Silk Road merchants and caravans.,36.31899,74.66427,Karimabad,Gilgit-Baltistan,Historical Site,Photography; Sightseeing; History Tours,0 PKR,1.5,family; couple; cultural; educational,4.9
79,Karimabad Apple Orchard Walk,A leisurely walk through terraced apple and apricot orchards above Karimabad town.,36.31899,74.66427,Karimabad,Gilgit-Baltistan,Park,Photography; Walking; Picnicking,0 PKR,3,family; couple; friends; relaxed; peaceful,4.6
80,Hussainabad Waterfall,A seasonal waterfall in Hussainabad area of Hunza surrounded by green terraces.,36.24901,74.39187,Hunza,Gilgit-Baltistan,Waterfall,Hiking; Photography; Sightseeing,0 PKR,1,family; couple; friends; peaceful; romantic,4.5
81,Gojal Valley Entrance,The gateway to Upper Hunza offering first views of the dramatic Gojal landscape.,36.26667,74.68333,Hunza,Gilgit-Baltistan,Viewpoint,Photography; Sightseeing,0 PKR,1,family; couple; solo; peaceful; romantic,4.9
82,Danyore Buddha Rock,Ancient Buddhist rock carvings near the entrance to Hunza Valley dating to the Kushan period.,35.92081,74.314044,Gilgit,Gilgit-Baltistan,Archaeological Site,Photography; Sightseeing; History Tours,0 PKR,1.5,family; couple; cultural; educational,5.0
83,Karakoram International University Campus,"The scenic campus of KIU in Gilgit set against mountain backdrops, sometimes visited for its views.",35.92527,74.365023,Gilgit,Gilgit-Baltistan,Historical Site,Photography; Sightseeing; History Tours,0 PKR,1.5,family; couple; cultural; educational,5.0
84,Nilt Fort Ruins,Remnants of the historic fort where a famous battle occurred between British forces and Hunza-Nagar warriors in 1891.,32.719024,72.995633,Hunza,Gilgit-Baltistan,Fort,Photography; Sightseeing; History Tours,0 PKR,1.5,family; couple; cultural; educational,4.3
85,Ultar Sar Base Camp,High-altitude base camp for the 7388m Ultar Sar peak with views of seracs and ice walls.,36.327056,74.659336,Karimabad,Gilgit-Baltistan,Adventure Spot,Camping; Photography,2000 PKR,10,solo; friends; adventurous; energetic,4.6
86,Hunza Cultural Center,"A cultural center in Karimabad showcasing Burushaski language, traditional music, and Hunza heritage.",36.323546,74.669702,Karimabad,Gilgit-Baltistan,Cultural Site,Skiing; Photography; Sightseeing; Cultural Tours,200 PKR,1.5,family; couple; cultural; educational,4.6
87,Apricot Drying Rooftops,"Traditional rooftops in Hunza villages where apricots are sun-dried, an iconic cultural scene.",36.327056,74.659336,Karimabad,Gilgit-Baltistan,Cultural Site,Photography; Sightseeing; Cultural Tours,0 PKR,1.5,family; couple; cultural; educational,4.6
88,Aliabad Polo Ground,A local polo ground in Aliabad where traditional free-style polo matches are held.,36.311832,74.617946,Aliabad,Gilgit-Baltistan,Adventure Spot,Photography; Polo Watching,0 PKR,2.5,family; friends; adventurous; thrilling; energetic,4.7
89,Haldi Viewpoint,A newly developed viewpoint above Hunza offering panoramic mountain and valley vistas.,36.327056,74.659336,Karimabad,Gilgit-Baltistan,Viewpoint,Photography; Sightseeing,0 PKR,1,family; couple; solo; peaceful; romantic,4.6
90,Gircha Village,A remote border village in Upper Hunza with unique Wakhi culture and mountain scenery.,36.646933,74.847682,Hunza,Gilgit-Baltistan,Village,Photography; Cultural Tours; Village Walks,0 PKR,2,family; couple; solo; peaceful; cultural; educational,4.2
91,Killik Pass Trailhead,Starting point for treks toward the Killik Pass connecting Pakistan to the Wakhan Corridor.,36.26667,74.68333,Hunza,Gilgit-Baltistan,Adventure Spot,Trekking; Photography,0 PKR,2.5,family; friends; adventurous; thrilling; energetic,4.9
92,Altit Garden,A restored traditional garden below Altit Fort with heritage fruit trees and flowing water channels.,36.327056,74.659336,Karimabad,Gilgit-Baltistan,Park,Photography; Walking; Picnicking,30 PKR,3,family; couple; friends; relaxed; peaceful; cultural; educational,4.5
93,Hunza Valley Paragliding Spot,A paragliding launch site above Hunza offering tandem flights over the valley.,36.30543,74.62903,Karimabad,Gilgit-Baltistan,Adventure Spot,Photography; Sightseeing; Paragliding,8000 PKR,2.5,family; friends; adventurous; thrilling; energetic,4.9
94,KKH China Point,The symbolic marker on the Karakoram Highway indicating the direction and distance to China.,24.793623,66.996623,Hunza,Gilgit-Baltistan,Historical Site,Photography; Sightseeing; History Tours,0 PKR,1.5,family; couple; cultural; educational,4.3
95,Shanoz Camping Ground,A campsite between Passu and Sost with views of the Batura and Passu glaciers.,36.48113,72.65519,Hunza,Gilgit-Baltistan,Camping Site,Hiking; Camping; Photography; Stargazing,500 PKR,4,friends; adventurous; relaxed; peaceful; romantic; meditative,4.5
96,Ayun Village (Upper Hunza),A quiet village with traditional stone houses and stunning views of the Karakoram range.,36.56,75.0,Hunza,Gilgit-Baltistan,Village,Photography; Cultural Tours; Village Walks,0 PKR,2,family; couple; peaceful; cultural; educational,4.2
97,Batura Meadow,An alpine meadow at the base of the Batura Wall accessible via trek from Passu.,36.465816,74.894326,Passu,Gilgit-Baltistan,Meadow,Trekking; Hiking; Camping; Photography; Picnicking; Stargazing,500 PKR,4,friends; solo; peaceful; adventurous,4.8
98,Patundas Meadow,A high-altitude meadow above Passu village with panoramic views of Passu and Batura glaciers.,36.47276,74.89443,Passu,Gilgit-Baltistan,Meadow,Hiking; Camping; Photography; Picnicking; Stargazing,500 PKR,4,friends; solo; peaceful; adventurous,4.8
99,Yashkuk Glacier,A glacier near Shimshal offering trekking and mountaineering access to surrounding peaks.,36.437497,75.316678,Shimshal,Gilgit-Baltistan,Glacier,Trekking; Mountaineering; Photography; Ice Hiking,2500 PKR,6,solo; friends; adventurous; energetic,4.9
100,Karimabad Night Sky Viewpoint,A designated dark-sky viewpoint above Karimabad ideal for stargazing and astrophotography.,36.327056,74.659336,Karimabad,Gilgit-Baltistan,Viewpoint,Photography; Sightseeing; Stargazing,0 PKR,1,family; couple; solo; peaceful; romantic; meditative,4.6
101,Hunza Dry Fruit Market,"A specialty market selling famous Hunza dried apricots, almonds, walnuts, and mulberries.",36.327056,74.659336,Karimabad,Gilgit-Baltistan,Market,Shopping; Food Tasting,500 PKR,2,family; friends; laid-back; festive,4.9
102,Shangrila Resort (Lower Kachura Lake),"A legendary resort built around a turquoise lake in a heart shape, often called 'Heaven on Earth'.",35.286372,75.640075,Skardu,Gilgit-Baltistan,Lake,Photography; Sightseeing; Boating; Picnicking; Dining,1000 PKR,3,family; couple; romantic; relaxed; peaceful,4.1
103,Upper Kachura Lake,"A pristine alpine lake with crystal-clear turquoise water surrounded by rocky cliffs, accessible by a short trek.",0.000000,0.000000,Skardu,Gilgit-Baltistan,Lake,Trekking; Photography; Boating; Swimming; Picnicking,1000 PKR,2.5,family; couple; friends; relaxed; peaceful,4.8
104,Skardu Fort (Kharpocho),A 16th-century fort on a rocky ridge overlooking the Skardu Valley and Indus River.,35.304113,75.63986,Skardu,Gilgit-Baltistan,Fort,Hiking; Photography; Sightseeing; History Tours,0 PKR,1.5,family; couple; cultural; educational,4.4
105,Satpara Lake,A natural lake near Skardu town serving as a water reservoir with beautiful mountain reflections.,35.228571,75.629993,Skardu,Gilgit-Baltistan,Lake,Photography; Sightseeing; Boating; Picnicking,1000 PKR,2.5,family; couple; friends; relaxed; peaceful,4.3
106,Deosai National Park,"The second highest plateau in the world at 4114m, home to the Himalayan brown bear and wildflowers.",34.970467,75.471670,Skardu,Gilgit-Baltistan,Park,Hiking; Camping; Photography; Jeep Safari; Wildlife Watching; Picnicking; Stargazing,3000 PKR,8,family; friends; adventurous; peaceful; meditative,4.8
107,Sheosar Lake,A stunning deep blue lake in the Deosai Plains surrounded by vast grasslands and snow-capped peaks.,0.000000,0.000000,Skardu,Gilgit-Baltistan,Lake,Hiking; Camping; Photography; Wildlife Watching,500 PKR,3,friends; solo; peaceful; meditative; adventurous,4.7
108,Manthoka Waterfall,A multi-tiered waterfall cascading 55 meters down rocky cliffs near Skardu.,35.286372,75.640075,Skardu,Gilgit-Baltistan,Waterfall,Hiking; Photography; Swimming; Picnicking,0 PKR,1,family; couple; friends; peaceful; romantic,4.5
109,Katpana Desert (Cold Desert),One of the highest cold deserts in the world with sand dunes surrounded by snow-capped mountains.,35.286372,75.640075,Skardu,Gilgit-Baltistan,Desert,Photography; Sightseeing; Camel Riding; Jeep Safari; Stargazing,3000 PKR,3,family; friends; adventurous; thrilling,4.6
110,Shigar Fort (Fong Khar),A beautifully restored 400-year-old fort converted into a heritage hotel showcasing Balti architecture.,35.426,75.75,Shigar,Gilgit-Baltistan,Fort,Photography; Sightseeing; Dining; History Tours,300 PKR,1.5,family; couple; cultural; educational,4.6
111,Shigar Mosque (Amburiq Mosque),A 600-year-old wooden mosque in Shigar with intricate Tibetan-style carvings.,35.413492,75.738189,Shigar,Gilgit-Baltistan,Mosque,Photography; Sightseeing,0 PKR,0.5,family; peaceful; cultural; educational; spiritual,4.6
112,Basho Valley,"A lush green valley near Skardu known for its trout streams, camping spots, and pine forests.",35.286372,75.640075,Skardu,Gilgit-Baltistan,Valley,Hiking; Camping; Photography; Sightseeing; Fishing; Nature Walks,800 PKR,5,family; friends; relaxed; peaceful; adventurous,4.6
113,Blind Lake (Zhangmo Khar Tso),"A hidden lake near Skardu accessible by a 20-minute walk, surrounded by willow trees.",35.286372,75.640075,Skardu,Gilgit-Baltistan,Lake,Photography; Sightseeing; Boating; Picnicking,1000 PKR,2,couple; solo; peaceful; meditative,4.6
114,Manthal Buddha Rock,"A large boulder near Skardu with an 8th-century carved image of Buddha, a historical treasure.",0.000000,0.000000,Skardu,Gilgit-Baltistan,Archaeological Site,Photography; Sightseeing; History Tours,0 PKR,1,family; couple; cultural; educational; spiritual,4.1
115,Skardu Bazaar,"The bustling main market of Skardu town offering local crafts, gemstones, and traditional Balti food.",35.30002,75.633642,Skardu,Gilgit-Baltistan,Market,White-water Rafting; Shopping; Food Tasting,500 PKR,2,family; friends; laid-back; festive,4.2
116,Indus River Skardu Viewpoint,A scenic viewpoint where the mighty Indus River flows through the broad Skardu Valley.,35.302319,75.624612,Skardu,Gilgit-Baltistan,Viewpoint,Photography; Sightseeing,0 PKR,1,family; couple; solo; peaceful; romantic,4.5
117,Skardu Airport Viewpoint,A unique viewpoint near the airport offering views of planes landing between mountains.,35.348347,75.485812,Skardu,Gilgit-Baltistan,Viewpoint,Photography; Sightseeing,0 PKR,1,family; couple; solo; peaceful; romantic,4.4
118,Soq Valley,A scenic valley near Skardu with terraced fields and fruit orchards along a mountain stream.,35.286808,75.641831,Skardu,Gilgit-Baltistan,Valley,Hiking; Photography; Sightseeing; Nature Walks; Walking,0 PKR,5,family; couple; friends; relaxed; peaceful,5.0
119,Kachura Village,A traditional Balti village near the famous Kachura lakes offering homestay experiences.,35.286372,75.640075,Skardu,Gilgit-Baltistan,Village,Photography; Cultural Tours; Village Walks; Homestay Experience,0 PKR,2,family; couple; peaceful; cultural; educational,4.2
120,Skardu Rock Carvings,Ancient petroglyphs scattered around the Skardu Valley depicting hunting scenes and Buddhist symbols.,35.286372,75.640075,Skardu,Gilgit-Baltistan,Archaeological Site,Photography; Sightseeing; History Tours,0 PKR,1.5,family; couple; cultural; educational,4.2
121,Deosai Wildflower Plains,Vast meadows in Deosai that bloom with wildflowers during July-August creating colorful carpets.,35.286372,75.640075,Skardu,Gilgit-Baltistan,Meadow,Hiking; Camping; Photography; Picnicking; Stargazing,1000 PKR,4,family; couple; friends; adventurous; relaxed; peaceful; romantic; meditative,4.8
122,Bara Pani (Deosai),A large lake in the Deosai Plains known for its wildlife and pristine environment.,35.286372,75.640075,Skardu,Gilgit-Baltistan,Lake,Photography; Sightseeing; Boating; Wildlife Watching; Picnicking,1000 PKR,2,friends; solo; adventurous; peaceful,4.8
123,Sadpara Village,"A village near Satpara Lake known for mountaineering heritage, home of the late Ali Sadpara.",35.253682,75.639561,Skardu,Gilgit-Baltistan,Village,Mountaineering; Photography; Cultural Tours; Village Walks,1000 PKR,2,family; couple; peaceful; cultural,4.3
124,K2 Base Camp Trailhead (Askole),The starting point for treks to K2 and Concordia in the remote Askole village.,35.286372,75.640075,Skardu,Gilgit-Baltistan,Adventure Spot,Trekking; Mountaineering; Camping; Photography,5000 PKR,168,solo; friends; adventurous; energetic,4.9
125,Askole Village,"The last inhabited settlement before the Karakoram glaciers, gateway to K2 expeditions.",35.286372,75.640075,Skardu,Gilgit-Baltistan,Village,Photography; Cultural Tours; Village Walks,0 PKR,24,adventurous; energetic; peaceful; cultural; educational,4.2
126,Concordia (Throne Room of the Mountain Gods),A spectacular confluence of glaciers at the base of K2 and four other 8000m peaks.,35.286372,75.640075,Skardu,Gilgit-Baltistan,Adventure Spot,Trekking; Mountaineering; Camping; Photography,5000 PKR,192,solo; friends; adventurous; energetic; meditative,4.9
127,Baltoro Glacier,One of the longest non-polar glaciers in the world leading to K2 and the Karakoram heartland.,35.286372,75.640075,Skardu,Gilgit-Baltistan,Glacier,Trekking; Mountaineering; Camping; Photography; Ice Hiking,5000 PKR,168,solo; friends; adventurous; energetic,4.9
128,Biange Campsite,A trekking campsite on the Baltoro Glacier trail with views of Trango Towers.,35.286372,75.640075,Skardu,Gilgit-Baltistan,Camping Site,Trekking; Hiking; Camping; Photography; Stargazing,500 PKR,4,friends; adventurous; energetic; relaxed; peaceful; romantic; meditative,4.5
129,Trango Towers Viewpoint,"Viewpoint of the dramatic Trango Towers including the world's highest rock wall, Great Trango Tower.",35.286372,75.640075,Skardu,Gilgit-Baltistan,Viewpoint,Photography; Sightseeing,0 PKR,1,family; couple; solo; peaceful; romantic,4.8
130,Paiju Peak Viewpoint,Campsite and viewpoint offering views of the dramatic 6610m Paiju Peak.,35.715143,76.116876,Skardu,Gilgit-Baltistan,Viewpoint,Camping; Photography; Sightseeing,1000 PKR,12,solo; friends; adventurous; energetic,4.0
131,Shigar Valley,A green valley known as the 'Valley of Kings' with ancient forts and Buddhist heritage.,0.000000,0.000000,Shigar,Gilgit-Baltistan,Valley,Hiking; Photography; Sightseeing; Nature Walks,0 PKR,5,family; couple; friends; relaxed; peaceful; cultural; educational,4.7
132,Shigar Stream Walk,A scenic walking trail along the Shigar stream passing through traditional villages and farmland.,35.422616,75.737108,Shigar,Gilgit-Baltistan,Adventure Spot,Photography; Walking,0 PKR,2.5,family; friends; adventurous; thrilling; energetic,4.7
133,Katpana Lake,A small lake near the cold desert of Katpana offering a surreal desert-lake combination.,35.318567,75.574246,Skardu,Gilgit-Baltistan,Lake,Photography; Sightseeing,0 PKR,2.5,family; couple; friends; relaxed; peaceful; cultural; educational,4.6
134,Skardu Polo Ground,A traditional polo ground in Skardu where the ancient sport of free-style polo is played.,35.300341,75.637271,Skardu,Gilgit-Baltistan,Adventure Spot,Photography; Polo Watching,0 PKR,2.5,family; friends; adventurous; thrilling; energetic; cultural; educational,4.7
135,Ali Ghund Nala Valley,A scenic stream valley near Skardu with walking trails through willow-lined paths.,35.304519,75.635461,Skardu,Gilgit-Baltistan,Valley,Hiking; Photography; Sightseeing; Nature Walks,0 PKR,5,family; couple; friends; relaxed; peaceful,4.6
136,Deosai Bear Watching Point,Designated wildlife watching area in Deosai for spotting the endangered Himalayan brown bear.,35.286372,75.640075,Skardu,Gilgit-Baltistan,Park,Photography; Wildlife Watching; Walking; Picnicking,1000 PKR,3,family; couple; friends; relaxed; peaceful,4.4
137,Hushe Valley,A remote valley leading to some of the highest peaks in the Karakoram including Masherbrum.,0.000000,0.000000,Skardu,Gilgit-Baltistan,Valley,Hiking; Photography; Sightseeing; Nature Walks,0 PKR,5,friends; solo; relaxed; peaceful,4.7
138,Hushe Village,A traditional Balti village serving as the base for Masherbrum and Laila Peak expeditions.,35.286372,75.640075,Skardu,Gilgit-Baltistan,Village,Photography; Cultural Tours; Village Walks,0 PKR,24,adventurous; energetic; peaceful; cultural; educational,4.2
139,Masherbrum Base Camp Trail,Trekking route to the base of the 7821m Masherbrum (K1) through pristine mountain terrain.,35.286372,75.640075,Skardu,Gilgit-Baltistan,Adventure Spot,Trekking; Camping; Photography,2000 PKR,24,solo; friends; adventurous; energetic,4.8
140,Sarfaranga Cold Desert,Another cold desert near Skardu with unique sand dune formations amidst mountain scenery.,35.312872,75.752838,Skardu,Gilgit-Baltistan,Desert,Photography; Sightseeing; Jeep Safari; Stargazing,3000 PKR,3,family; friends; adventurous; thrilling,5.0
141,Khamosh Waterfall,A scenic waterfall near Skardu accessible via a short hike through rocky terrain.,35.286372,75.640075,Skardu,Gilgit-Baltistan,Waterfall,Hiking; Photography; Sightseeing,0 PKR,1,family; couple; friends; adventurous; energetic; peaceful; romantic,4.5
142,Shigar Rock Carvings,Ancient Buddhist rock carvings in the Shigar Valley depicting religious scenes.,35.433921,74.08649,Shigar,Gilgit-Baltistan,Archaeological Site,Photography; Sightseeing; History Tours,0 PKR,1.5,family; couple; cultural; educational,4.2
143,Thowar Village,A remote village in Shigar valley known for its ancient wooden mosque and traditional lifestyle.,32.429268,74.37993,Shigar,Gilgit-Baltistan,Village,Photography; Cultural Tours; Village Walks,0 PKR,2,family; couple; solo; peaceful; cultural; educational,4.2
144,Skardu Floating Rock,"A geological curiosity where a massive rock appears to float, a local attraction near the town.",35.286372,75.640075,Skardu,Gilgit-Baltistan,Historical Site,Photography; Sightseeing; History Tours,0 PKR,1.5,family; couple; cultural; educational,4.3
145,Biafro Glacier,A major glacier in Shigar accessible via multi-day trek connecting to Hispar Glacier.,36.0,75.6,Shigar,Gilgit-Baltistan,Glacier,Trekking; Photography; Ice Hiking,2000 PKR,6,solo; friends; adventurous; energetic,4.5
146,Snow Lake,"A massive ice plateau at the head of the Biafo Glacier, one of the largest glacial basins outside polar regions.",36.049363,75.577306,Shigar,Gilgit-Baltistan,Glacier,Trekking; Mountaineering; Camping; Photography; Ice Hiking,5000 PKR,168,solo; friends; adventurous; energetic,4.6
147,Skardu Cultural Museum,"A small museum showcasing Balti culture, traditional utensils, clothing, and historical artifacts.",35.286372,75.640075,Skardu,Gilgit-Baltistan,Museum,Photography; Sightseeing; Museum Visit,100 PKR,1.5,family; couple; cultural; educational,4.3
148,Manthoka Village,The village near Manthoka Waterfall with terraced farms and traditional Balti houses.,35.286372,75.640075,Skardu,Gilgit-Baltistan,Village,Photography; Cultural Tours; Village Walks,0 PKR,2,family; couple; peaceful; cultural; educational,4.2
149,Sadpara Lake Trail,A walking trail around the perimeter of Satpara Lake offering different perspectives of the lake.,35.286808,75.641831,Skardu,Gilgit-Baltistan,Adventure Spot,Photography; Walking,0 PKR,2.5,family; friends; adventurous; thrilling; energetic,4.7
150,Deosai Camping Ground,Designated camping areas in the Deosai plateau for overnight stays under the vast sky.,35.286372,75.640075,Skardu,Gilgit-Baltistan,Camping Site,Hiking; Camping; Photography; Stargazing,1000 PKR,4,family; friends; adventurous; relaxed; peaceful; romantic; meditative,4.5
151,Burji La Pass,A mountain pass connecting Skardu to Deosai Plains with sweeping views of the plateau.,0.000000,0.000000,Skardu,Gilgit-Baltistan,Pass,Photography; Sightseeing,0 PKR,1.5,family; couple; friends; adventurous; peaceful,5.0
152,Skardu Jewel Market,"A market specializing in locally mined gemstones including rubies, emeralds, and aquamarines.",35.286372,75.640075,Skardu,Gilgit-Baltistan,Market,Shopping; Food Tasting,500 PKR,2,family; friends; laid-back; festive,4.1
153,Thorgo Valley,A scenic valley near Skardu known for its hot springs and traditional Balti settlements.,35.303493,75.767161,Skardu,Gilgit-Baltistan,Valley,Hiking; Photography; Sightseeing; Nature Walks,0 PKR,5,family; couple; friends; relaxed; peaceful,5.0
154,Dongal Village,A quiet village near Skardu with terraced fields and panoramic views of the Indus Valley.,35.286372,75.640075,Skardu,Gilgit-Baltistan,Village,Photography; Cultural Tours; Village Walks,0 PKR,2,family; couple; peaceful; romantic; cultural; educational,4.2
155,Satpara Dam,A modern dam on Satpara Lake providing drinking water to Skardu town with surrounding scenic walks.,35.246929,75.640541,Skardu,Gilgit-Baltistan,Historical Site,Photography; Sightseeing; Walking; History Tours,0 PKR,1.5,family; couple; cultural; educational,4.3
156,Chaqchan Mosque,A 14th-century mosque in Skardu with Tibetan-influenced architecture and ancient carvings.,35.156100,76.330600,Skardu,Gilgit-Baltistan,Mosque,Photography; Sightseeing,0 PKR,0.5,family; peaceful; cultural; educational; spiritual,4.2
157,Skardu Trout Hatchery,A trout breeding facility near Skardu where visitors can see the aquaculture process.,35.286372,75.640075,Skardu,Gilgit-Baltistan,Park,Photography; Fishing; Walking; Picnicking,300 PKR,1,family; relaxed; educational,4.2
158,Rock of Gibraltar (Skardu),A massive rock formation near Skardu town resembling the famous Rock of Gibraltar.,35.286372,75.640075,Skardu,Gilgit-Baltistan,Viewpoint,Photography; Sightseeing,0 PKR,1,family; couple; solo; peaceful; romantic,4.5
159,Kachura Forest Walk,A woodland walking trail through pine and willow trees near the Kachura lakes.,35.304519,75.635461,Skardu,Gilgit-Baltistan,Forest,Hiking; Photography; Birdwatching; Nature Walks,0 PKR,3,family; couple; solo; relaxed; peaceful; meditative,4.5
160,Mehdiabad Skardu,A village near Skardu known for its traditional architecture and warm Balti hospitality.,35.306399,75.617162,Skardu,Gilgit-Baltistan,Village,Photography; Cultural Tours; Village Walks,0 PKR,2,family; couple; peaceful; cultural; educational,4.2
161,Deosai Sunset Point,A designated viewing spot in Deosai for watching spectacular sunsets over the plateau.,35.286372,75.640075,Skardu,Gilgit-Baltistan,Viewpoint,Photography; Sightseeing; Sunset Viewing,1000 PKR,1,family; couple; solo; peaceful; romantic,4.5
162,Roundu Valley,A scenic valley along the Indus River between Skardu and Gilgit with dramatic landscapes.,35.286372,75.640075,Skardu,Gilgit-Baltistan,Valley,Hiking; Photography; Sightseeing; Nature Walks,0 PKR,5,family; couple; friends; relaxed; peaceful,4.6
163,Basho Forest Camp,A forest camping area in Basho Valley with trout fishing and hiking opportunities.,35.286372,75.640075,Skardu,Gilgit-Baltistan,Camping Site,Hiking; Camping; Photography; Fishing; Stargazing,500 PKR,4,family; friends; adventurous; relaxed; peaceful; romantic; meditative,4.5
164,Upper Satpara Lake,A smaller lake above Satpara Lake accessible via a short but steep trek.,35.228571,75.629993,Skardu,Gilgit-Baltistan,Lake,Photography; Sightseeing; Boating; Picnicking,1000 PKR,2,couple; friends; relaxed; peaceful,4.3
165,Kharfak Valley,A hidden valley near Shigar with pristine forests and seasonal waterfalls.,35.477582,75.654958,Shigar,Gilgit-Baltistan,Valley,Hiking; Photography; Sightseeing; Nature Walks,0 PKR,5,family; couple; friends; solo; relaxed; peaceful; meditative,4.6
166,Kargah Buddha,"A 7th-century rock carving of a standing Buddha on a cliff face near Gilgit, a Buddhist heritage site.",0.000000,0.000000,Gilgit,Gilgit-Baltistan,Archaeological Site,Photography; Sightseeing; History Tours,0 PKR,1,family; couple; cultural; educational; spiritual,4.2
167,Kargah Nala,A scenic gorge near Gilgit with hiking trails leading to the famous Buddha rock carving.,35.925562,74.174128,Gilgit,Gilgit-Baltistan,Valley,Hiking; Photography; Sightseeing; Nature Walks,0 PKR,2,family; friends; relaxed; peaceful,5.0
168,Gilgit River,The main river flowing through Gilgit city offering riverside walks and fishing spots.,35.954203,74.34426,Gilgit,Gilgit-Baltistan,River,Photography; Fishing; Walking,500 PKR,2,family; friends; relaxed; peaceful,5.0
169,Jutial Park,"A large public park in Gilgit with walking trails, gardens, and mountain views.",35.92081,74.314044,Gilgit,Gilgit-Baltistan,Park,Photography; Walking; Picnicking,0 PKR,3,family; couple; friends; relaxed; peaceful,5.0
170,Gilgit Bazaar,The main commercial area of Gilgit city with shops selling local handicrafts and dry fruits.,35.923189,74.30351,Gilgit,Gilgit-Baltistan,Market,White-water Rafting; Shopping; Food Tasting,500 PKR,2,family; friends; laid-back; festive,5.0
171,Aga Khan Park Gilgit,A well-maintained public park in Gilgit with gardens and recreational facilities.,35.921222,74.382514,Gilgit,Gilgit-Baltistan,Park,Photography; Walking; Picnicking,30 PKR,3,family; couple; friends; relaxed; peaceful,4.0
172,Gilgit Manuscripts Site,The discovery site of ancient Buddhist manuscripts that are now preserved in museums worldwide.,35.92081,74.314044,Gilgit,Gilgit-Baltistan,Archaeological Site,Photography; Sightseeing; History Tours; Museum Visit,50 PKR,1.5,family; couple; cultural; educational,5.0
173,Gilgit Serena Hotel Grounds,The landscaped grounds of the Serena Hotel offering mountain views and gardens.,35.900742,74.354594,Gilgit,Gilgit-Baltistan,Park,Photography; Walking; Picnicking,30 PKR,3,family; couple; friends; relaxed; peaceful,4.0
174,Confluence of Gilgit and Hunza Rivers,The dramatic meeting point of the Gilgit and Hunza rivers visible from the KKH.,35.92081,74.314044,Gilgit,Gilgit-Baltistan,Viewpoint,Photography; Sightseeing,0 PKR,1,family; couple; solo; peaceful; romantic,5.0
175,Danyore Village,A village near Gilgit known for its ancient Buddhist rock carvings and strategic location.,35.894116,74.437725,Gilgit,Gilgit-Baltistan,Village,Photography; Cultural Tours; Village Walks,0 PKR,2,family; couple; peaceful; cultural; educational,4.0
176,Oshikhandass Rock Carvings,Significant Buddhist-era petroglyphs and inscriptions near Gilgit.,35.92081,74.314044,Gilgit,Gilgit-Baltistan,Archaeological Site,Photography; Sightseeing; History Tours,0 PKR,1.5,family; couple; cultural; educational,5.0
177,Gilgit War Memorial,A memorial commemorating historical military engagements in the Gilgit region.,35.92081,74.314044,Gilgit,Gilgit-Baltistan,Historical Site,Photography; Sightseeing; History Tours,0 PKR,1.5,family; couple; cultural; educational,5.0
178,Singal Nala Valley,A scenic valley near Gilgit offering hiking and camping opportunities.,35.92081,74.314044,Gilgit,Gilgit-Baltistan,Valley,Hiking; Camping; Photography; Sightseeing; Nature Walks,500 PKR,3,family; friends; peaceful; relaxed,5.0
179,Naltar Valley,"A stunningly beautiful valley with three colorful lakes, ski resort, and pine forests.",36.171085,74.172390,Gilgit,Gilgit-Baltistan,Valley,Hiking; Skiing; Photography; Sightseeing; Nature Walks,3000 PKR,5,family; friends; couple; adventurous; peaceful,4.8
180,Naltar Lake (Bashkiri Lake),A vivid emerald-green lake in Naltar Valley surrounded by pine forests and snow peaks.,35.92081,74.314044,Gilgit,Gilgit-Baltistan,Lake,Hiking; Photography; Sightseeing; Picnicking,0 PKR,2.5,friends; relaxed; peaceful; meditative,5.0
181,Naltar Satrangi Lake,The middle Naltar lake known for its ever-changing colors from green to blue.,36.231632,74.106997,Gilgit,Gilgit-Baltistan,Lake,Hiking; Photography; Sightseeing,0 PKR,2.5,family; couple; friends; relaxed; peaceful,4.8
182,Naltar Upper Lake,The highest of the three Naltar lakes with crystal clear water and mountain reflections.,36.165136,74.17729,Gilgit,Gilgit-Baltistan,Lake,Hiking; Photography; Sightseeing,0 PKR,2.5,family; couple; friends; relaxed; peaceful,4.3
183,Naltar Ski Resort,Pakistan's premier ski resort in Naltar Valley offering skiing in winter months.,36.156010,74.184746,Gilgit,Gilgit-Baltistan,Adventure Spot,Skiing; Snowboarding; Photography; Sightseeing,3000 PKR,4,friends; family; adventurous; thrilling; energetic,5.0
184,Naltar Pine Forest,Dense pine forests in Naltar Valley ideal for hiking and nature photography.,35.92081,74.314044,Gilgit,Gilgit-Baltistan,Forest,Hiking; Photography; Birdwatching; Nature Walks,0 PKR,3,family; couple; solo; relaxed; peaceful; meditative,5.0
185,Jaglot Village,A village on the KKH near the junction point where the highway splits toward Skardu and Hunza.,35.68842,74.62412,Gilgit,Gilgit-Baltistan,Village,Photography; Cultural Tours; Village Walks,0 PKR,2,family; couple; peaceful; cultural; educational,4.2
186,Gilgit Heritage Museum,A museum in Gilgit displaying regional historical artifacts and cultural heritage items.,35.92081,74.314044,Gilgit,Gilgit-Baltistan,Museum,Photography; Sightseeing; Museum Visit,100 PKR,1.5,family; couple; cultural; educational,5.0
187,Thol Village,A small village near Gilgit known for its walnut trees and traditional lifestyle.,35.92081,74.314044,Gilgit,Gilgit-Baltistan,Village,Photography; Cultural Tours; Village Walks,0 PKR,2,family; couple; peaceful; cultural; educational,5.0
188,Jutial Nala Trek,A day-hiking trail from Jutial in Gilgit through forests to mountain viewpoints.,35.92081,74.314044,Gilgit,Gilgit-Baltistan,Adventure Spot,Trekking; Hiking; Photography,0 PKR,2.5,family; friends; adventurous; thrilling; energetic; meditative,5.0
189,Gilgit Suspension Bridge,A historic suspension bridge over the Gilgit River connecting to the old town area.,35.917911,74.336754,Gilgit,Gilgit-Baltistan,Bridge,Photography; Walking,0 PKR,0.5,friends; solo; adventurous; thrilling; cultural; educational,5.0
190,Babusar Road Junction,The road junction near Gilgit where the route to Babusar Pass and Kaghan Valley branches off.,35.917911,74.336754,Gilgit,Gilgit-Baltistan,Viewpoint,Photography; Sightseeing,0 PKR,1,family; couple; solo; peaceful; romantic,5.0
191,Damas Valley,A picturesque valley near Gilgit with lush green meadows and crystal streams.,35.893231,74.242977,Gilgit,Gilgit-Baltistan,Valley,Hiking; Photography; Sightseeing; Nature Walks,0 PKR,5,family; couple; friends; relaxed; peaceful,5.0
192,Pakora Valley,A lesser-known valley near Gilgit with pristine natural beauty and limited tourist traffic.,35.92081,74.314044,Gilgit,Gilgit-Baltistan,Valley,Hiking; Photography; Sightseeing; Nature Walks,0 PKR,5,family; couple; friends; relaxed; peaceful,5.0
193,Punial Valley,A historic valley near Gilgit with ancient ruins and traditional polo grounds.,35.9111,74.19474,Gilgit,Gilgit-Baltistan,Valley,Hiking; Photography; Sightseeing; Nature Walks; Polo Watching,0 PKR,5,family; couple; friends; relaxed; peaceful; cultural; educational,5.0
194,Imit Village,A traditional village in Punial Valley known for its historical fort ruins and orchards.,35.92081,74.314044,Gilgit,Gilgit-Baltistan,Village,Photography; Walking; Cultural Tours; Village Walks,0 PKR,2,family; couple; peaceful; cultural; educational,5.0
195,Gilgit Riverside Walk,A walking path along the Gilgit River bank popular for evening strolls.,35.917911,74.336754,Gilgit,Gilgit-Baltistan,Park,Photography; Walking; Picnicking,0 PKR,3,family; couple; friends; relaxed; peaceful,5.0
196,Barmas Valley,An alpine valley near Naltar offering trekking and yak spotting opportunities.,35.9111,74.19474,Gilgit,Gilgit-Baltistan,Valley,Trekking; Hiking; Photography; Sightseeing; Nature Walks,0 PKR,5,family; couple; friends; adventurous; energetic; relaxed; peaceful; meditative,5.0
197,Gilgit Gemstone Market,A specialized market in Gilgit for locally mined gemstones and semi-precious stones.,35.92081,74.314044,Gilgit,Gilgit-Baltistan,Market,Shopping; Food Tasting,500 PKR,2,family; friends; laid-back; festive,5.0
198,Bargo Bala Viewpoint,An elevated viewpoint near Gilgit offering panoramic views of the city and river confluence.,36.049851,74.155749,Gilgit,Gilgit-Baltistan,Viewpoint,Photography; Sightseeing,0 PKR,1,family; couple; solo; peaceful; romantic,5.0
199,Phander Lake,A breathtaking turquoise lake in Ghizer Valley surrounded by mountains and meadows.,0.000000,0.000000,Phander,Gilgit-Baltistan,Lake,Camping; Photography; Boating; Fishing; Picnicking,1000 PKR,3,family; couple; friends; relaxed; peaceful; romantic,4.4
200,Khalti Lake,A scenic lake along the Gilgit-Chitral road with reflections of surrounding peaks.,0.000000,0.000000,Ghizer,Gilgit-Baltistan,Lake,Photography; Sightseeing; Picnicking,0 PKR,2.5,friends; relaxed; peaceful,4.4
201,Shandur Pass,The highest polo ground in the world at 3700m where the annual Shandur Polo Festival is held.,0.000000,0.000000,Ghizer,Gilgit-Baltistan,Pass,Hiking; Camping; Photography; Sightseeing; Polo Watching,500 PKR,2,friends; family; adventurous; festive; cultural,4.8
202,Shandur Lake,A lake near Shandur Pass surrounded by vast meadows used during the polo festival.,36.161069,73.139447,Ghizer,Gilgit-Baltistan,Lake,Photography; Sightseeing; Boating; Picnicking; Polo Watching,1000 PKR,2,couple; solo; peaceful; meditative,4.5
203,Gahkuch Village,"The capital of Ghizer District with a bazaar, traditional houses, and mountain views.",36.18591,73.7592,Gahkuch,Gilgit-Baltistan,Village,Photography; Shopping; Cultural Tours; Village Walks,0 PKR,2,family; couple; laid-back; peaceful; cultural; educational; festive,5.0
204,Ghizer River,A crystal-clear river flowing through the Ghizer Valley offering fishing and kayaking.,36.146425,73.854614,Ghizer,Gilgit-Baltistan,River,Photography; Sightseeing; Fishing; Kayaking,1500 PKR,3,friends; solo; adventurous; energetic,4.6
205,Teru Valley,A scenic side valley in Ghizer with terraced fields and juniper forests.,36.324397,73.41366,Ghizer,Gilgit-Baltistan,Valley,Hiking; Photography; Sightseeing; Nature Walks,0 PKR,5,family; couple; friends; relaxed; peaceful; meditative,5.0
206,Yasin Valley,A historic valley in Ghizer known for its ancient fort ruins and Wakhi culture.,0.000000,0.000000,Ghizer,Gilgit-Baltistan,Valley,Hiking; Photography; Sightseeing; Nature Walks,0 PKR,5,family; couple; friends; relaxed; peaceful; cultural; educational,4.3
207,Yasin Fort Ruins,The remains of an ancient fort in Yasin Valley with strategic views of the valley.,32.719024,72.995633,Ghizer,Gilgit-Baltistan,Fort,Photography; Sightseeing; History Tours,0 PKR,1.5,family; couple; cultural; educational,4.3
208,Darkot Pass,A high mountain pass connecting Yasin Valley with Chitral known for historical trade routes.,36.647163,73.441390,Ghizer,Gilgit-Baltistan,Pass,Photography; Sightseeing,0 PKR,1.5,family; couple; friends; adventurous; peaceful; cultural; educational,5.0
209,Phander Village,A tranquil village on the shores of Phander Lake known for trout fishing.,36.351932,73.83021,Phander,Gilgit-Baltistan,Village,Photography; Fishing; Cultural Tours; Village Walks,500 PKR,2,family; couple; peaceful; cultural; relaxed,4.6
210,Handis Lake,A high-altitude lake near Phander accessible via a moderate trek through meadows.,36.56742,73.74202,Phander,Gilgit-Baltistan,Lake,Trekking; Photography; Sightseeing; Picnicking,0 PKR,2.5,family; couple; friends; adventurous; energetic; relaxed; peaceful,3.0
211,Ghizer Hot Springs,Natural hot springs along the Ghizer Valley used for bathing and healing.,36.189988,73.76199,Ghizer,Gilgit-Baltistan,Hot Spring,Photography; Hot Spring Bathing; Relaxation,300 PKR,1.5,family; couple; relaxed; peaceful,4.6
212,Shamran Valley,A lesser-known valley in Ghizer with walnut forests and traditional villages.,36.310306,73.379412,Ghizer,Gilgit-Baltistan,Valley,Hiking; Photography; Sightseeing; Nature Walks,0 PKR,5,family; couple; friends; relaxed; peaceful; meditative,4.0
213,Gupis Village,A traditional Khowar-speaking village with a fort ruin and beautiful surrounding landscapes.,36.351932,73.83021,Ghizer,Gilgit-Baltistan,Village,Photography; Cultural Tours; Village Walks,0 PKR,2,peaceful; cultural; educational,5.0
214,Gupis Fort,Ruins of a strategic fort at the junction of valleys in the Gupis area.,36.170944,73.176641,Ghizer,Gilgit-Baltistan,Fort,Photography; Sightseeing; History Tours,0 PKR,1.5,family; couple; cultural; educational,4.6
215,Pingal Lake,A small alpine lake near Gupis known for its serene atmosphere and reflection views.,36.16339,73.10539,Ghizer,Gilgit-Baltistan,Lake,Trekking; Photography; Sightseeing; Picnicking,0 PKR,2.5,family; couple; friends; relaxed; peaceful; romantic; meditative,4.6
216,Karumbar Lake,A high-altitude lake at the base of Karumbar Pass connecting Ghizer to Chitral.,36.6,73.1,Ghizer,Gilgit-Baltistan,Lake,Trekking; Photography; Sightseeing; Picnicking,0 PKR,2.5,family; couple; friends; relaxed; peaceful,3.0
217,Karumbar Pass,A mountain pass connecting the Ishkoman Valley in Ghizer with Chitral.,35.215274,74.475768,Ghizer,Gilgit-Baltistan,Pass,Photography; Sightseeing,0 PKR,1.5,family; couple; friends; adventurous; peaceful,4.6
218,Ishkoman Valley,A remote valley in northern Ghizer with diverse flora and Wakhi communities.,36.568120,73.742880,Ghizer,Gilgit-Baltistan,Valley,Hiking; Photography; Sightseeing; Nature Walks,0 PKR,5,family; couple; friends; solo; relaxed; peaceful,5.0
219,Ishkoman River,A river flowing through the Ishkoman Valley known for trout fishing.,36.458715,73.840267,Ghizer,Gilgit-Baltistan,River,Photography; Sightseeing; Fishing,500 PKR,2,friends; solo; adventurous; peaceful,5.0
220,Phander Valley Meadows,Expansive green meadows around Phander Lake ideal for camping and photography.,35.982838,74.920822,Phander,Gilgit-Baltistan,Meadow,Hiking; Camping; Photography; Picnicking; Stargazing,500 PKR,4,family; couple; friends; adventurous; relaxed; peaceful; romantic; meditative,4.7
221,Langar Village (Ghizer),A small traditional village in Ghizer offering glimpses of authentic mountain life.,36.351932,73.83021,Ghizer,Gilgit-Baltistan,Village,Photography; Cultural Tours; Village Walks,0 PKR,2,family; couple; peaceful; cultural; educational,5.0
222,Shandur Polo Festival Ground,The specific ground where the annual Shandur Polo Festival takes place every July.,36.071,72.515,Ghizer,Gilgit-Baltistan,Adventure Spot,Camping; Photography; Cultural Tours; Polo Watching,500 PKR,4,family; friends; adventurous; thrilling; energetic; peaceful; cultural; educational,5.0
223,Barsat Meadow,A lush alpine meadow in Ghizer used for summer grazing with panoramic peak views.,36.324397,73.41366,Ghizer,Gilgit-Baltistan,Meadow,Hiking; Camping; Photography; Picnicking; Stargazing,500 PKR,4,friends; adventurous; relaxed; peaceful; romantic; meditative,4.7
224,Phander Trout Hatchery,A trout breeding facility near Phander Lake where visitors can observe fish farming.,36.164765,72.925499,Phander,Gilgit-Baltistan,Park,Photography; Fishing; Walking; Picnicking,300 PKR,1,family; relaxed; educational,5.0
225,Phander Campsite,A designated camping area beside Phander Lake with mountain and lake views.,36.169086,72.938469,Phander,Gilgit-Baltistan,Camping Site,Hiking; Camping; Photography; Stargazing,500 PKR,4,family; friends; adventurous; relaxed; peaceful; romantic; meditative,5.0
226,Gahkuch Bazaar,The main marketplace of Gahkuch town offering local produce and handicrafts.,36.18591,73.7592,Gahkuch,Gilgit-Baltistan,Market,White-water Rafting; Shopping; Food Tasting,500 PKR,2,family; friends; adventurous; thrilling; energetic; laid-back; festive,4.2
227,Tern Meadow,A high-altitude meadow in Ghizer accessible via a day trek from nearby villages.,36.324397,73.41366,Ghizer,Gilgit-Baltistan,Meadow,Trekking; Hiking; Camping; Photography; Picnicking; Stargazing,500 PKR,4,family; couple; friends; adventurous; energetic; relaxed; peaceful; romantic; meditative,4.7
228,Rama Lake,A stunning emerald lake at 3300m in Astore Valley surrounded by forests and the Nanga Parbat massif.,0.000000,0.000000,Astore,Gilgit-Baltistan,Lake,Hiking; Camping; Photography; Fishing; Picnicking,800 PKR,3,family; friends; relaxed; peaceful; adventurous,4.4
229,Rama Meadow,A vast alpine meadow near Rama Lake with camping spots and views of Nanga Parbat.,35.359307,74.834829,Astore,Gilgit-Baltistan,Meadow,Hiking; Camping; Photography; Picnicking; Stargazing,500 PKR,4,family; friends; couple; peaceful; relaxed,4.7
230,Nanga Parbat Base Camp (Rupal),"The base camp on the Rupal face of Nanga Parbat, the 9th highest peak in the world.",35.356615,74.85698,Astore,Gilgit-Baltistan,Adventure Spot,Trekking; Mountaineering; Camping; Photography,3000 PKR,48,solo; friends; adventurous; energetic,4.8
231,Nanga Parbat Viewpoint (Fairy Meadows Road),A viewpoint offering dramatic close-up views of the 8126m Nanga Parbat.,35.387203,74.578929,Astore,Gilgit-Baltistan,Viewpoint,Photography; Sightseeing,0 PKR,1,family; couple; solo; peaceful; romantic,4.8
232,Astore Valley,A lush green valley in the shadow of Nanga Parbat with forests and traditional villages.,0.000000,0.000000,Astore,Gilgit-Baltistan,Valley,Hiking; Photography; Sightseeing; Nature Walks,0 PKR,5,family; couple; friends; relaxed; peaceful; meditative,4.3
233,Astore Village,The main town of Astore district with a bazaar and gateway to Nanga Parbat treks.,35.360815,74.86516,Astore,Gilgit-Baltistan,Village,Trekking; Photography; Shopping; Cultural Tours; Village Walks,0 PKR,2,family; couple; adventurous; energetic; laid-back; peaceful; cultural; educational; festive,4.8
234,Minimarg Valley,A scenic valley in Astore known for its vast meadows and potato farming.,34.7919,75.0805,Astore,Gilgit-Baltistan,Valley,Hiking; Photography; Sightseeing; Nature Walks,0 PKR,5,family; couple; friends; relaxed; peaceful,4.8
235,Chilum Valley,A beautiful side valley in Astore with terraced fields and traditional settlements.,35.982838,74.920822,Astore,Gilgit-Baltistan,Valley,Hiking; Photography; Sightseeing; Nature Walks,0 PKR,5,family; couple; friends; relaxed; peaceful,4.7
236,Gudai Village,A picturesque village in Astore with views of snow-capped peaks and terraced agriculture.,35.356615,74.85698,Astore,Gilgit-Baltistan,Village,Photography; Cultural Tours; Village Walks,0 PKR,2,peaceful; cultural; educational,4.8
237,Rattu Village,The former princely state capital of Astore with a historic fort and palace ruins.,35.356615,74.85698,Astore,Gilgit-Baltistan,Village,Photography; Cultural Tours; Village Walks,0 PKR,2,family; couple; peaceful; cultural; educational,4.8
238,Rattu Fort Ruins,Remnants of the fort of the former rulers of Astore princely state.,35.356615,74.85698,Astore,Gilgit-Baltistan,Fort,Photography; Sightseeing; History Tours,0 PKR,1.5,family; couple; cultural; educational,4.6
239,Rupal Valley,"A valley at the base of the Rupal Face of Nanga Parbat, the highest rock face on Earth.",35.21877,74.70264,Astore,Gilgit-Baltistan,Valley,Hiking; Photography; Sightseeing; Nature Walks,0 PKR,5,family; couple; friends; relaxed; peaceful,4.8
240,Tarishing Village,The last village on the road to Nanga Parbat's Rupal Face with mountaineering heritage.,35.356615,74.85698,Astore,Gilgit-Baltistan,Village,Mountaineering; Photography; Cultural Tours; Village Walks,1500 PKR,3,solo; friends; adventurous; cultural,4.8
241,Deosai Entry Point (Astore Side),The Astore entrance to Deosai National Park with dramatic elevation changes.,35.356615,74.85698,Astore,Gilgit-Baltistan,Park,Photography; Walking; Picnicking,1000 PKR,3,family; couple; friends; relaxed; peaceful,4.5
242,Mushkin Valley,A remote valley in Astore with alpine forests and seasonal waterfalls.,35.356615,74.85698,Astore,Gilgit-Baltistan,Valley,Hiking; Photography; Sightseeing; Nature Walks,0 PKR,5,family; couple; friends; solo; relaxed; peaceful; meditative,4.1
243,Eid Gah Village (Astore),A traditional Astore village known for its spring blossoms and serene atmosphere.,35.356615,74.85698,Astore,Gilgit-Baltistan,Village,Photography; Cultural Tours; Village Walks,0 PKR,2,family; couple; peaceful; romantic; cultural; educational,4.8
244,Astore River,A fast-flowing river through Astore Valley popular for its trout fishing and rafting potential.,35.356615,74.85698,Astore,Gilgit-Baltistan,River,Photography; Fishing; White-water Rafting,2000 PKR,3,friends; family; adventurous; relaxed,4.8
245,Rama Forest,Dense coniferous forests surrounding Rama Lake ideal for nature walks and birdwatching.,35.356615,74.85698,Astore,Gilgit-Baltistan,Forest,Hiking; Photography; Birdwatching; Nature Walks,0 PKR,3,family; couple; solo; relaxed; peaceful; meditative,4.8
246,Dashkin Valley,A little-explored valley in Astore with seasonal streams and wildflower meadows.,35.47405,74.77529,Astore,Gilgit-Baltistan,Valley,Hiking; Photography; Sightseeing; Nature Walks,0 PKR,5,family; couple; friends; relaxed; peaceful,5.0
247,Harcho Meadow,A large alpine meadow in Astore used for summer grazing with camping opportunities.,35.356615,74.85698,Astore,Gilgit-Baltistan,Meadow,Hiking; Camping; Photography; Picnicking; Stargazing,500 PKR,4,family; couple; friends; adventurous; relaxed; peaceful; romantic; meditative,4.7
248,Nanga Parbat Rupal Face Viewpoint,"A dramatic viewpoint of the Rupal Face, the largest mountain face in the world at 4600m.",35.356615,74.85698,Astore,Gilgit-Baltistan,Viewpoint,Photography; Sightseeing,0 PKR,1,family; couple; solo; peaceful; romantic,4.8
249,Upper Rama Valley,The upper reaches of Rama Valley with glacial moraines and high-altitude flora.,35.356615,74.85698,Astore,Gilgit-Baltistan,Valley,Hiking; Photography; Sightseeing; Nature Walks,0 PKR,5,family; couple; friends; relaxed; peaceful,5.0
250,Gorikot Village,A village near the start of the Rupal Valley road known for its mountain views.,35.356615,74.85698,Astore,Gilgit-Baltistan,Village,Photography; Cultural Tours; Village Walks,0 PKR,2,family; couple; peaceful; cultural; educational,4.8
251,Churit Valley,A scenic valley near Astore with seasonal waterfalls and lush vegetation.,35.23305,74.76531,Astore,Gilgit-Baltistan,Valley,Hiking; Photography; Sightseeing; Nature Walks,0 PKR,5,family; couple; friends; relaxed; peaceful,5.0
252,Astore Hot Springs,Natural thermal springs in the Astore region used for therapeutic bathing.,35.356615,74.85698,Astore,Gilgit-Baltistan,Hot Spring,Photography; Hot Spring Bathing; Relaxation,300 PKR,1.5,family; couple; relaxed; peaceful,4.4
253,Fairy Meadows,"A lush green meadow at 3300m offering iconic views of Nanga Parbat's Raikot Face, a top destination.",35.422184,74.094630,Diamer,Gilgit-Baltistan,Meadow,Trekking; Hiking; Camping; Photography; Horse Riding; Picnicking; Stargazing,1500 PKR,8,friends; solo; couple; adventurous; romantic; peaceful; meditative,4.5
254,Nanga Parbat Viewpoint (Raikot Bridge),A viewpoint on the KKH at Raikot Bridge offering distant views of the Killer Mountain.,35.49296,74.591901,Diamer,Gilgit-Baltistan,Viewpoint,Photography; Sightseeing,0 PKR,1,family; couple; solo; peaceful; romantic,4.4
255,Beyal Camp,A camp between Fairy Meadows and Nanga Parbat Base Camp with closer peak views.,35.862742,76.540925,Diamer,Gilgit-Baltistan,Camping Site,Hiking; Camping; Photography; Stargazing,500 PKR,10,friends; adventurous; relaxed; peaceful; romantic; meditative,4.5
256,Nanga Parbat Base Camp (Raikot),The base camp on the Raikot side of Nanga Parbat accessible from Fairy Meadows.,35.37,74.56,Diamer,Gilgit-Baltistan,Adventure Spot,Trekking; Mountaineering; Camping; Photography,3000 PKR,48,solo; friends; adventurous; energetic,4.8
257,Tattu Village (Fairy Meadows Trailhead),The starting point of the jeep track and hike to Fairy Meadows.,35.45,74.59,Diamer,Gilgit-Baltistan,Village,Hiking; Photography; Cultural Tours; Village Walks,0 PKR,2,family; couple; adventurous; energetic; peaceful; cultural; educational,4.2
258,Raikot Glacier,A large glacier on the north face of Nanga Parbat visible from Fairy Meadows.,35.49296,74.591901,Diamer,Gilgit-Baltistan,Glacier,Trekking; Photography; Ice Hiking,2000 PKR,4,solo; friends; adventurous; energetic,4.5
259,Chilas Town,The capital of Diamer District on the KKH known for its petroglyphs and extreme summer heat.,35.416408,74.098411,Chilas,Gilgit-Baltistan,Village,Photography; Cultural Tours; Village Walks,0 PKR,2,family; couple; peaceful; cultural; educational,4.5
260,Chilas Rock Carvings,Thousands of ancient petroglyphs near Chilas depicting Buddhist and pre-Buddhist era art.,35.433921,74.08649,Chilas,Gilgit-Baltistan,Archaeological Site,Photography; Sightseeing; History Tours,0 PKR,1.5,family; couple; cultural; educational,4.5
261,Thalpan Rock Art,A major petroglyph site near Chilas with carvings spanning multiple historical periods.,35.43,74.08,Chilas,Gilgit-Baltistan,Archaeological Site,Photography; Sightseeing; History Tours,0 PKR,1.5,family; couple; relaxed; romantic; cultural; educational,4.5
262,Babusar Pass,"A scenic mountain pass at 4173m connecting KPK with Gilgit-Baltistan, open in summer months.",35.146107,74.046585,Diamer,Gilgit-Baltistan,Pass,Photography; Sightseeing; Driving,0 PKR,1.5,family; friends; couple; adventurous; peaceful,4.5
263,Lulusar Lake,A beautiful alpine lake near Babusar Pass surrounded by alpine meadows and peaks.,35.001835,73.150665,Diamer,Gilgit-Baltistan,Lake,Photography; Sightseeing; Picnicking,0 PKR,2.5,friends; relaxed; peaceful; meditative,4.6
264,Nanga Parbat Viewpoint (KKH),Multiple KKH viewpoints offering different angles of the 8126m Nanga Parbat.,35.57188,74.629593,Diamer,Gilgit-Baltistan,Viewpoint,Photography; Sightseeing,0 PKR,1,family; couple; solo; peaceful; romantic,4.8
265,Raikot Bridge,The famous bridge over the Indus River on the KKH where the Fairy Meadows road starts.,35.49296,74.591901,Diamer,Gilgit-Baltistan,Bridge,Photography; Walking,0 PKR,0.5,friends; solo; adventurous; thrilling,4.4
266,Chilas Hot Springs,Natural hot water springs near Chilas used by travelers for relaxation.,34.780473,77.542497,Chilas,Gilgit-Baltistan,Hot Spring,Photography; Hot Spring Bathing; Relaxation,300 PKR,1.5,family; couple; relaxed; peaceful,4.4
267,Indus River Gorge (Chilas),A dramatic section of the Indus River gorge near Chilas with towering cliffs.,35.4,74.12,Chilas,Gilgit-Baltistan,Viewpoint,Photography; Sightseeing,0 PKR,1,family; couple; solo; peaceful; romantic,4.5
268,Tangir Valley,A remote valley in Diamer with terraced farms and traditional Shina-speaking communities.,35.631802,73.45471,Diamer,Gilgit-Baltistan,Valley,Hiking; Photography; Sightseeing; Nature Walks,0 PKR,5,friends; solo; relaxed; peaceful,5.0
269,Darel Valley,A scenic valley in Diamer with dense forests and isolated mountain communities.,35.631802,73.45471,Diamer,Gilgit-Baltistan,Valley,Hiking; Photography; Sightseeing; Nature Walks,0 PKR,5,family; couple; friends; relaxed; peaceful; meditative,4.1
270,Fairy Point,The highest point on the Fairy Meadows trail offering unobstructed views of Nanga Parbat.,35.462925,74.592649,Diamer,Gilgit-Baltistan,Viewpoint,Photography; Sightseeing,0 PKR,1,family; couple; solo; peaceful; romantic,4.5
271,Jijal Village,A village near Chilas on the old KKH route with views of the Indus River valley.,36.351932,73.83021,Diamer,Gilgit-Baltistan,Village,Photography; Cultural Tours; Village Walks,0 PKR,2,family; couple; peaceful; cultural; educational,4.2
272,Babusar Meadow,Alpine meadows near Babusar Pass with wildflowers and panoramic views.,35.21362,73.99616,Diamer,Gilgit-Baltistan,Meadow,Hiking; Camping; Photography; Picnicking; Stargazing,500 PKR,3,family; friends; peaceful; relaxed,4.5
273,Fairy Meadows Forest,Dense pine and birch forests on the trail to Fairy Meadows with filtered sunlight.,35.386919,74.57866,Diamer,Gilgit-Baltistan,Forest,Hiking; Photography; Birdwatching; Nature Walks,0 PKR,3,family; couple; solo; relaxed; peaceful; meditative,4.5
274,Gonar Farm,A pastoral area near Chilas with traditional livestock farming and rural scenery.,33.728123,73.255933,Chilas,Gilgit-Baltistan,Village,Photography; Cultural Tours; Village Walks,0 PKR,1,family; couple; peaceful; cultural; educational,4.2
275,Khaplu Palace (Chaqchan),"A restored 19th-century palace of the former Raja of Khaplu, now a heritage hotel.",35.152109,76.33537,Khaplu,Gilgit-Baltistan,Fort,Photography; Sightseeing; Dining; History Tours,200 PKR,1.5,family; couple; cultural; educational,4.2
276,Chaqchan Mosque (Khaplu),A 14th-century mosque with unique Tibetan-Balti architecture and intricate wood carvings.,35.155998,76.330344,Khaplu,Gilgit-Baltistan,Mosque,Photography; Sightseeing,0 PKR,0.5,family; peaceful; cultural; educational; spiritual,4.2
277,Khaplu Village,"The capital of Ghanche District with ancient mosques, palaces, and Balti cultural heritage.",35.159019,76.348473,Khaplu,Gilgit-Baltistan,Village,Photography; Cultural Tours; Village Walks,0 PKR,2,family; couple; peaceful; cultural; educational,4.2
278,Masherbrum Viewpoint,A viewpoint near Khaplu offering views of the majestic 7821m Masherbrum (K1) peak.,35.155277,76.41456,Khaplu,Gilgit-Baltistan,Viewpoint,Photography; Sightseeing,0 PKR,1,solo; peaceful; romantic,4.2
279,Khaplu Bazaar,The traditional market of Khaplu town offering local Balti crafts and dried fruits.,35.199502,75.983845,Khaplu,Gilgit-Baltistan,Market,White-water Rafting; Shopping; Food Tasting,500 PKR,2,family; friends; adventurous; thrilling; energetic; laid-back; festive,4.2
280,Thagus Valley,A remote valley near Khaplu with pristine scenery and traditional Balti villages.,35.208407,76.393585,Khaplu,Gilgit-Baltistan,Valley,Hiking; Photography; Sightseeing; Nature Walks,0 PKR,5,family; couple; friends; solo; relaxed; peaceful,4.2
281,Hushe River,A glacier-fed river near Khaplu flowing from the Karakoram glaciers.,35.45026,76.35811,Khaplu,Gilgit-Baltistan,River,Photography; Sightseeing,0 PKR,2,friends; relaxed; peaceful,4.4
282,Saling Village,A remote village in Ghanche offering authentic Balti cultural experiences.,35.188545,76.371049,Khaplu,Gilgit-Baltistan,Village,Photography; Cultural Tours; Village Walks,0 PKR,2,family; couple; solo; peaceful; cultural; educational,4.2
283,Balghar Village,A small Ghanche village with traditional architecture overlooking river valleys.,36.351932,73.83021,Khaplu,Gilgit-Baltistan,Village,Photography; Cultural Tours; Village Walks,0 PKR,2,family; couple; peaceful; cultural; educational,4.2
284,Keris Village,An isolated village in Ghanche known for its apricot orchards and terraced farming.,36.351932,73.83021,Khaplu,Gilgit-Baltistan,Village,Photography; Walking; Cultural Tours; Village Walks,0 PKR,2,family; couple; peaceful; cultural; educational,4.2
285,Machulo Village,A village in the Hushe Valley serving as a basecamp for climbers heading to Laila Peak.,35.243418,76.397845,Khaplu,Gilgit-Baltistan,Village,Photography; Rock Climbing; Cultural Tours; Village Walks,1500 PKR,2,adventurous; energetic; peaceful; cultural; educational,4.2
286,Laila Peak Viewpoint,Viewpoint for the stunning 6096m Laila Peak with its dramatic pyramid shape.,35.956526,74.961575,Khaplu,Gilgit-Baltistan,Viewpoint,Photography; Sightseeing,0 PKR,1,solo; peaceful; romantic,4.0
287,Gondogoro La Trailhead,Starting point for the challenging Gondogoro Pass trek connecting Hushe to the Baltoro.,35.982838,74.920822,Khaplu,Gilgit-Baltistan,Adventure Spot,Trekking; Photography,0 PKR,2.5,family; friends; adventurous; thrilling; energetic,4.2
288,Ghanche Rock Art Sites,Various rock carving sites in Ghanche featuring ancient Tibetan and Buddhist inscriptions.,36.389519,74.866184,Khaplu,Gilgit-Baltistan,Archaeological Site,Photography; Sightseeing; History Tours,0 PKR,1.5,family; couple; cultural; educational,4.2
289,Khaplu Khanqah,A historic Islamic spiritual center in Khaplu with traditional wooden architecture.,35.2077,76.12681,Khaplu,Gilgit-Baltistan,Religious Site,Photography; Sightseeing,0 PKR,2,family; friends; relaxed; cultural; educational,4.2
290,Siachen Glacier Viewpoint,A distant viewpoint where the massive Siachen Glacier region can be partially observed.,35.526189,76.940389,Khaplu,Gilgit-Baltistan,Viewpoint,Photography; Sightseeing,0 PKR,1,solo; peaceful; romantic,4.2
291,Doko Village,A traditional village in Ghanche with ancient wooden houses and mountain views.,36.351932,73.83021,Khaplu,Gilgit-Baltistan,Village,Photography; Cultural Tours; Village Walks,0 PKR,2,family; couple; peaceful; cultural; educational,4.2
292,Skardu-Khaplu Road Viewpoints,Multiple scenic viewpoints along the road from Skardu to Khaplu following the Indus and Shyok rivers.,35.982838,74.920822,Khaplu,Gilgit-Baltistan,Viewpoint,Photography; Sightseeing,0 PKR,1,family; couple; solo; peaceful; romantic,4.5
293,Shyok River Valley,The valley of the Shyok River near Khaplu with dramatic canyon formations.,35.982838,74.920822,Khaplu,Gilgit-Baltistan,Valley,Hiking; Photography; Sightseeing; Nature Walks,0 PKR,5,family; couple; friends; relaxed; peaceful,4.7
294,Ghowari Village,A remote Ghanche village with stunning views and traditional way of life.,36.351932,73.83021,Khaplu,Gilgit-Baltistan,Village,Photography; Cultural Tours; Village Walks,0 PKR,2,family; couple; solo; peaceful; cultural; educational,4.2
295,Talis Valley,A scenic valley in Ghanche district with forests and mountain streams.,35.205805,76.49558,Khaplu,Gilgit-Baltistan,Valley,Hiking; Photography; Sightseeing; Nature Walks,0 PKR,5,family; couple; friends; relaxed; peaceful; meditative,5.0
296,Khaplu Ancient Cemetery,A historic graveyard in Khaplu with intricately carved wooden grave markers.,35.1485,76.33,Khaplu,Gilgit-Baltistan,Historical Site,Photography; Sightseeing; History Tours,0 PKR,1.5,family; couple; cultural; educational,4.2
297,Kande Village,A village near Khaplu with traditional watermills and Balti architecture.,36.351932,73.83021,Khaplu,Gilgit-Baltistan,Village,Photography; Cultural Tours; Village Walks,0 PKR,2,family; couple; peaceful; cultural; educational,4.2
298,Malam Jabba Ski Resort,Pakistan's most popular ski resort in the Swat Valley offering skiing and chairlift rides.,34.800938,72.574165,Swat,Khyber Pakhtunkhwa,Adventure Spot,Skiing; Photography; Chairlift Ride; Zip Lining; Mountain Biking,3000 PKR,5,friends; family; adventurous; thrilling; energetic,4.3
299,Fizagat Park,A scenic public park on the banks of the Swat River in Mingora with gardens and walking paths.,34.772537,72.360771,Mingora,Khyber Pakhtunkhwa,Park,Photography; Walking; Picnicking,50 PKR,2,family; couple; relaxed; peaceful,4.4
300,Swat Museum,A museum in Saidu Sharif showcasing Gandhara Buddhist sculptures and artifacts from the Swat region.,0.000000,0.000000,Mingora,Khyber Pakhtunkhwa,Museum,Photography; Sightseeing; Museum Visit,100 PKR,1.5,family; couple; cultural; educational,4.6
301,Butkara Archaeological Site,Ruins of a major Buddhist stupa complex dating to the 3rd century BC near Mingora.,34.772537,72.360771,Mingora,Khyber Pakhtunkhwa,Archaeological Site,Photography; Sightseeing; History Tours,50 PKR,1.5,family; couple; cultural; educational,4.0
302,Mahodand Lake,A stunning glacial lake near Kalam surrounded by snow-capped peaks and pine forests.,35.708090,72.653970,Kalam,Khyber Pakhtunkhwa,Lake,Camping; Photography; Boating; Fishing; Horse Riding; Picnicking,1500 PKR,4,family; friends; couple; adventurous; peaceful; romantic,4.4
303,Kalam Valley,"A major tourist valley in upper Swat known for its forests, waterfalls, and alpine scenery.",34.955162,72.484512,Kalam,Khyber Pakhtunkhwa,Valley,Hiking; Camping; Photography; Sightseeing; Fishing; Nature Walks,800 PKR,6,family; friends; couple; relaxed; peaceful; adventurous,4.1
304,Ushu Forest,A dense coniferous forest near Kalam known as one of the most beautiful forests in Pakistan.,35.486108,72.584579,Kalam,Khyber Pakhtunkhwa,Forest,Hiking; Photography; Birdwatching; Nature Walks; Picnicking,0 PKR,3,family; couple; solo; peaceful; meditative,4.6
305,Bahrain Town,A popular tourist town on the Swat River serving as a gateway to Kalam and upper Swat.,35.20926,72.5485,Bahrain,Khyber Pakhtunkhwa,Village,Photography; Cultural Tours; Village Walks,0 PKR,2,family; couple; peaceful; cultural; educational,4.3
306,Bahrain Bazaar,"A bustling market in Bahrain town offering local honey, handicrafts, and gemstones.",34.937253,72.469319,Bahrain,Khyber Pakhtunkhwa,Market,White-water Rafting; Shopping; Food Tasting,500 PKR,1.5,family; friends; laid-back; festive,4.2
307,Madyan Village,A picturesque village between Bahrain and Mingora famous for its riverside restaurants and embroidery.,34.610501,72.022409,Madyan,Khyber Pakhtunkhwa,Village,Photography; Cultural Tours; Village Walks; Handicraft Shopping,0 PKR,2,family; couple; peaceful; cultural; educational,4.0
308,Madyan Bazaar,A colorful market in Madyan known for its traditional Swati embroidered shawls and handicrafts.,34.197999,72.164148,Madyan,Khyber Pakhtunkhwa,Market,White-water Rafting; Shopping; Food Tasting,500 PKR,1.5,family; friends; laid-back,4.2
309,Swat River Viewpoint,Multiple viewpoints along the emerald-green Swat River as it flows through the valley.,34.772537,72.360771,Mingora,Khyber Pakhtunkhwa,Viewpoint,Photography; Sightseeing,0 PKR,1,family; couple; solo; peaceful; romantic,5.0
310,Mingora City,The largest city in Swat Valley and the commercial hub with markets and historical sites.,34.770392,72.359687,Mingora,Khyber Pakhtunkhwa,Village,Photography; Shopping; Cultural Tours; Village Walks,0 PKR,2,family; couple; laid-back; peaceful; cultural; educational; festive,4.2
311,Saidu Sharif,The former capital of the Swat princely state with the royal palace and museum.,34.759,72.357009,Mingora,Khyber Pakhtunkhwa,Historical Site,Photography; Sightseeing; History Tours; Museum Visit,200 PKR,1.5,family; couple; cultural; educational,4.4
312,Swat Royal Palace,"The palace of the former Wali (ruler) of Swat in Saidu Sharif, a grand historical building.",34.772537,72.360771,Mingora,Khyber Pakhtunkhwa,Historical Site,Photography; Sightseeing; History Tours,200 PKR,1.5,family; couple; cultural; educational,5.0
313,Jahanabad Buddha,A large rock carving of Buddha near Manglaur dating back to the Gandhara civilization.,34.811511,72.467351,Swat,Khyber Pakhtunkhwa,Archaeological Site,Photography; Sightseeing; History Tours,0 PKR,1.5,family; couple; cultural; educational,4.0
314,Shingardar Stupa,A well-preserved Buddhist stupa near Barikot in lower Swat dating to the Gandhara period.,34.69532,72.24647,Swat,Khyber Pakhtunkhwa,Archaeological Site,Photography; Sightseeing; History Tours,0 PKR,1.5,family; couple; cultural; educational,5.0
315,Barikot (Bazira) Archaeological Site,Ancient city ruins identified as Alexander the Great's Bazira in lower Swat.,34.67768,72.223,Swat,Khyber Pakhtunkhwa,Archaeological Site,Photography; Sightseeing; History Tours,0 PKR,1.5,family; couple; cultural; educational,4.3
316,Marghazar White Palace,A historic summer palace of the Swat royalty set in lush gardens with mountain backdrop.,34.663276,72.344862,Mingora,Khyber Pakhtunkhwa,Historical Site,Photography; Sightseeing; Walking; History Tours,200 PKR,1.5,family; couple; cultural; educational,4.4
317,Marghazar Valley,A green valley near Mingora known for the White Palace and natural springs.,34.774595,72.36205,Mingora,Khyber Pakhtunkhwa,Valley,Hiking; Photography; Sightseeing; Nature Walks,0 PKR,5,family; couple; friends; relaxed; peaceful,4.6
318,Miandam Village,"A hill station village near Mingora known for its orchards, forests, and cool climate.",35.062844,72.525782,Swat,Khyber Pakhtunkhwa,Village,Photography; Walking; Cultural Tours; Village Walks,0 PKR,2,family; couple; peaceful; cultural; educational; meditative,4.2
319,Miandam Waterfall,A beautiful waterfall near Miandam village accessible via a short forest hike.,35.062193,72.518131,Swat,Khyber Pakhtunkhwa,Waterfall,Hiking; Photography; Sightseeing,0 PKR,1,family; couple; friends; adventurous; energetic; peaceful; romantic; meditative,4.5
320,Jarogo Waterfall,A stunning waterfall near Bahrain accessible by a trek through forested hills.,35.2,72.54,Bahrain,Khyber Pakhtunkhwa,Waterfall,Trekking; Hiking; Photography; Sightseeing,0 PKR,1,family; couple; friends; adventurous; energetic; peaceful; romantic; meditative,4.5
321,Kandol Lake,A high-altitude glacial lake near Kalam accessible via a challenging day trek.,34.955162,72.484512,Kalam,Khyber Pakhtunkhwa,Lake,Trekking; Photography; Sightseeing; Picnicking,0 PKR,2.5,family; couple; friends; adventurous; energetic; relaxed; peaceful,4.5
322,Kundol Lake,A scenic alpine lake in Swat surrounded by peaks accessible from Utror Valley.,35.486108,72.584579,Kalam,Khyber Pakhtunkhwa,Lake,Trekking; Photography; Sightseeing; Picnicking,0 PKR,2.5,friends; relaxed; peaceful; meditative,4.7
323,Utror Valley,A beautiful valley branching off from Kalam with lush forests and mountain scenery.,34.955162,72.484512,Kalam,Khyber Pakhtunkhwa,Valley,Hiking; Photography; Sightseeing; Nature Walks,0 PKR,5,family; couple; friends; relaxed; peaceful; meditative,4.1
324,Gabral Valley,A scenic valley near Kalam with pine forests and crystal-clear streams.,35.47954,72.59324,Kalam,Khyber Pakhtunkhwa,Valley,Hiking; Photography; Sightseeing; Nature Walks,0 PKR,5,family; couple; friends; relaxed; peaceful; meditative,4.6
325,Swat River Trout Fishing,Designated fishing spots along the Swat River known for brown and rainbow trout.,34.62942,71.992654,Swat,Khyber Pakhtunkhwa,Adventure Spot,Photography; Fishing,500 PKR,2.5,family; friends; adventurous; thrilling; energetic; relaxed; peaceful,3.0
326,Spin Khwar Waterfall,A dramatic waterfall in upper Swat with a deep pool at its base.,35.45419,72.43624,Swat,Khyber Pakhtunkhwa,Waterfall,Hiking; Photography; Sightseeing,0 PKR,1,family; couple; friends; peaceful; romantic,4.5
327,Chail Waterfall,A cascading waterfall near the road between Bahrain and Kalam.,34.45473,72.00365,Swat,Khyber Pakhtunkhwa,Waterfall,Hiking; Photography; Sightseeing,0 PKR,1,family; couple; friends; peaceful; romantic,5.0
328,Daral Lake,A remote glacial lake in upper Swat accessible via a multi-day trek.,35.433695,72.451823,Swat,Khyber Pakhtunkhwa,Lake,Trekking; Photography; Sightseeing; Picnicking,0 PKR,24,family; couple; friends; solo; adventurous; energetic; relaxed; peaceful,4.5
329,Kalam Bazaar,The main market in Kalam town offering local handicrafts and mountain gear.,0.000000,0.000000,Kalam,Khyber Pakhtunkhwa,Market,White-water Rafting; Shopping; Food Tasting,500 PKR,1.5,family; friends; laid-back,3.6
330,Ushu Waterfall,A scenic waterfall within the Ushu Forest area near Kalam.,35.486108,72.584579,Kalam,Khyber Pakhtunkhwa,Waterfall,Hiking; Photography; Sightseeing,0 PKR,1,family; couple; friends; peaceful; romantic; meditative,4.5
331,Bishigram Lake,A high-altitude lake near Madyan accessible via a trek through forests and meadows.,35.082693,72.666303,Swat,Khyber Pakhtunkhwa,Lake,Trekking; Photography; Sightseeing; Picnicking,0 PKR,2.5,family; couple; friends; adventurous; energetic; relaxed; peaceful; meditative,4.5
332,Manglor Valley,A lesser-known valley in lower Swat with orchards and traditional Pashtun villages.,35.002558,72.232324,Swat,Khyber Pakhtunkhwa,Valley,Hiking; Photography; Sightseeing; Nature Walks; Walking,0 PKR,5,family; couple; friends; relaxed; peaceful,4.1
333,Swat Camping Resort,A camping resort along the Swat River offering tents and outdoor activities.,35.386289,74.581642,Swat,Khyber Pakhtunkhwa,Camping Site,Hiking; Camping; Photography; Stargazing,500 PKR,4,family; friends; adventurous; relaxed; peaceful; romantic; meditative,4.5
334,Aboha Waterfall,A tall waterfall near Kalam accessible via a short hike from the main road.,35.486108,72.584579,Kalam,Khyber Pakhtunkhwa,Waterfall,Hiking; Photography; Sightseeing,0 PKR,1,family; couple; friends; adventurous; energetic; peaceful; romantic,4.5
335,Palam Valley,A side valley in upper Swat known for its wild beauty and camping spots.,35.504352,72.583502,Kalam,Khyber Pakhtunkhwa,Valley,Hiking; Camping; Photography; Sightseeing; Nature Walks,500 PKR,4,family; friends; peaceful; relaxed,4.6
336,Shin Meadow,An alpine meadow above Kalam offering panoramic mountain views and camping.,35.486108,72.584579,Kalam,Khyber Pakhtunkhwa,Meadow,Hiking; Camping; Photography; Picnicking; Stargazing,500 PKR,3,friends; solo; peaceful; adventurous,4.7
337,Malam Jabba Chairlift,A chairlift ride at the Malam Jabba resort offering aerial views of the valley.,34.79979,72.57185,Swat,Khyber Pakhtunkhwa,Adventure Spot,Photography; Sightseeing; Chairlift Ride,1000 PKR,1,family; friends; couple; thrilling; adventurous,4.3
338,Elum Mountain,The highest peak in lower Swat at 2811m associated with Alexander the Great's campaign.,34.605743,72.369172,Swat,Khyber Pakhtunkhwa,Mountain,Trekking; Hiking; Photography,0 PKR,4,friends; solo; adventurous; energetic,3.7
339,Katelai Lake,A small scenic lake in lower Swat surrounded by green hills.,35.082693,72.666303,Swat,Khyber Pakhtunkhwa,Lake,Photography; Sightseeing; Boating; Picnicking,1000 PKR,2.5,couple; solo; peaceful; meditative,4.5
340,Manrai Valley,A fertile valley near Bahrain with terraced rice fields and fruit orchards.,35.002558,72.232324,Swat,Khyber Pakhtunkhwa,Valley,Hiking; Photography; Sightseeing; Nature Walks; Walking,0 PKR,5,family; couple; friends; relaxed; peaceful,4.1
341,Swat Emerald Mines Viewpoint,A viewpoint near the famous emerald mining areas of Swat Valley.,35.258151,72.518317,Swat,Khyber Pakhtunkhwa,Viewpoint,Photography; Sightseeing,0 PKR,1,family; couple; solo; peaceful; romantic,4.5
342,Shangla Pass,A mountain pass connecting Swat with the Shangla district offering panoramic views.,34.880836,72.590724,Swat,Khyber Pakhtunkhwa,Pass,Photography; Sightseeing; Driving,0 PKR,1.5,family; couple; friends; adventurous; peaceful; romantic,4.5
343,Mahaban Mountain,A historically significant mountain near Swat associated with ancient Buddhist ruins.,34.3,72.7,Swat,Khyber Pakhtunkhwa,Mountain,Trekking; Hiking; Photography,0 PKR,4,friends; solo; adventurous; energetic; cultural; educational,3.7
344,Swat River Rapids,Sections of the Swat River with rapids suitable for white-water rafting.,34.62942,71.992654,Swat,Khyber Pakhtunkhwa,Adventure Spot,Photography; Sightseeing; White-water Rafting,3000 PKR,3,friends; adventurous; thrilling; energetic,4.7
345,Lalkoo Lake,A hidden lake in upper Swat accessible via a trek from Utror.,35.486108,72.584579,Kalam,Khyber Pakhtunkhwa,Lake,Trekking; Photography; Sightseeing; Boating; Picnicking,1000 PKR,3,friends; solo; adventurous; peaceful,4.6
346,Desan Valley,A quiet valley near Kalam with traditional villages and forest trails.,35.486108,72.584579,Kalam,Khyber Pakhtunkhwa,Valley,Hiking; Photography; Sightseeing; Nature Walks,0 PKR,5,family; couple; friends; relaxed; peaceful; meditative,4.6
347,Kalash Valley (Bumburet),"The largest of the three Kalash valleys, home to the unique Kalash people with pagan traditions.",35.694113,71.675822,Chitral,Khyber Pakhtunkhwa,Valley,Hiking; Photography; Cultural Tours; Village Walks; Festival Attendance,0 PKR,5,family; couple; friends; cultural; festive; adventurous,4.6
348,Kalash Valley (Rumbur),One of the three Kalash valleys known for its wine production and Kalash cultural festivals.,35.771593,71.694092,Chitral,Khyber Pakhtunkhwa,Valley,Hiking; Photography; Cultural Tours; Village Walks; Festival Attendance,0 PKR,4,family; couple; friends; cultural; festive; adventurous,4.6
349,Kalash Valley (Birir),The most traditional of the three Kalash valleys with fewer tourists and authentic culture.,35.84623,71.7858,Chitral,Khyber Pakhtunkhwa,Valley,Hiking; Photography; Cultural Tours; Village Walks,0 PKR,4,couple; solo; cultural; peaceful; adventurous,4.7
350,Chitral Fort,A 14th-century fort of the Mehtar (ruler) of Chitral overlooking the town and river.,0.000000,0.000000,Chitral,Khyber Pakhtunkhwa,Fort,Photography; Sightseeing; History Tours,200 PKR,1,family; couple; cultural; educational,4.1
351,Shahi Mosque Chitral,A historic mosque in Chitral town built by the former rulers with ornate architecture.,35.850889,71.79019,Chitral,Khyber Pakhtunkhwa,Mosque,Photography; Sightseeing,0 PKR,0.5,family; spiritual; cultural; peaceful,4.4
352,Garam Chashma,A scenic town in Chitral known for its natural hot water springs surrounded by mountains.,35.991060,71.556640,Chitral,Khyber Pakhtunkhwa,Hot Spring,Photography; Hot Spring Bathing; Relaxation,300 PKR,1.5,family; couple; relaxed; peaceful,4.4
353,Garam Chashma Hot Springs,Natural sulfur hot springs in Garam Chashma believed to have healing properties.,35.850889,71.79019,Chitral,Khyber Pakhtunkhwa,Hot Spring,Photography; Hot Spring Bathing; Relaxation,300 PKR,1.5,family; couple; relaxed; peaceful,4.4
354,Chitral Museum,A museum in Chitral showcasing the cultural heritage of the Chitral and Kalash people.,35.847859,71.785781,Chitral,Khyber Pakhtunkhwa,Museum,Photography; Sightseeing; Museum Visit,100 PKR,1.5,family; couple; cultural; educational,4.4
355,Shandur Pass (Chitral Side),The Chitral approach to the Shandur Polo Ground with scenic mountain road.,35.850889,71.79019,Chitral,Khyber Pakhtunkhwa,Pass,Photography; Sightseeing; Polo Watching,0 PKR,1.5,family; couple; friends; adventurous; peaceful,4.4
356,Chitral Bazaar,"The main market of Chitral town offering local handicrafts, Chitrali caps, and dry fruits.",35.850889,71.79019,Chitral,Khyber Pakhtunkhwa,Market,White-water Rafting; Shopping; Food Tasting,500 PKR,2,family; friends; laid-back; cultural,4.4
357,Tirich Mir Viewpoint,"Viewpoint for the 7708m Tirich Mir, the highest peak in the Hindu Kush range.",36.255,71.83994,Chitral,Khyber Pakhtunkhwa,Viewpoint,Photography; Sightseeing,0 PKR,1,solo; peaceful; romantic,5.0
358,Chitral River,The main river of Chitral Valley offering scenic views and fishing opportunities.,35.85088,71.76891,Chitral,Khyber Pakhtunkhwa,River,Photography; Sightseeing; Fishing,500 PKR,2,friends; solo; adventurous; relaxed,4.7
359,Mastuj Fort,An ancient fort in the Mastuj area of upper Chitral with historical significance.,36.284867,72.524361,Chitral,Khyber Pakhtunkhwa,Fort,Photography; Sightseeing; History Tours,0 PKR,1.5,family; couple; cultural; educational,5.0
360,Mastuj Valley,A scenic valley in upper Chitral along the road to Shandur Pass.,34.955162,72.484512,Chitral,Khyber Pakhtunkhwa,Valley,Hiking; Photography; Sightseeing; Nature Walks,0 PKR,5,family; couple; friends; relaxed; peaceful,4.1
361,Buni Valley,A fertile valley in Chitral with orchards and stunning mountain scenery.,34.955162,72.484512,Chitral,Khyber Pakhtunkhwa,Valley,Hiking; Photography; Sightseeing; Nature Walks; Walking,0 PKR,5,family; couple; friends; relaxed; peaceful,4.1
362,Chitral Polo Ground,A traditional polo ground in Chitral where free-style polo matches are held.,35.854773,71.789346,Chitral,Khyber Pakhtunkhwa,Adventure Spot,Photography; Polo Watching,0 PKR,2.5,family; friends; adventurous; thrilling; energetic,4.4
363,Kalash Joshi Festival Site,The main festival ground where the Kalash celebrate their spring festival Joshi.,35.850889,71.79019,Chitral,Khyber Pakhtunkhwa,Cultural Site,Photography; Cultural Tours; Festival Attendance; Dancing,0 PKR,1.5,family; couple; cultural; educational,4.4
364,Kalash Uchal Festival Site,The site where the Kalash harvest festival Uchal is celebrated in Rumbur Valley.,35.850889,71.79019,Chitral,Khyber Pakhtunkhwa,Cultural Site,Photography; Cultural Tours; Festival Attendance,0 PKR,1.5,family; couple; cultural; educational,4.4
365,Kalash Choimus Festival Site,The winter solstice festival ground of the Kalash people in Bumburet Valley.,35.850889,71.79019,Chitral,Khyber Pakhtunkhwa,Cultural Site,Photography; Cultural Tours; Festival Attendance,0 PKR,1.5,family; couple; cultural; educational,4.4
366,Kalash Graveyard,Open-air cemeteries of the Kalash people with unique wooden effigies of the deceased.,35.686576,71.662937,Chitral,Khyber Pakhtunkhwa,Cultural Site,Photography; Sightseeing; Cultural Tours,0 PKR,1.5,family; couple; cultural; educational,4.6
367,Bamburet River Walk,A walking trail along the Bumburet River through the heart of the Kalash Valley.,35.71567,71.76976,Chitral,Khyber Pakhtunkhwa,Adventure Spot,Photography; Walking,0 PKR,2.5,family; friends; adventurous; thrilling; energetic,4.6
368,Chitral Gol National Park,"A national park near Chitral town home to markhor, snow leopards, and diverse wildlife.",0.000000,0.000000,Chitral,Khyber Pakhtunkhwa,Park,Hiking; Photography; Wildlife Watching; Birdwatching,200 PKR,3,family; couple; friends; relaxed; peaceful,4.9
369,Ayun Village,A scenic village at the junction where the road to the Kalash Valleys branches off.,35.850889,71.79019,Chitral,Khyber Pakhtunkhwa,Village,Photography; Cultural Tours; Village Walks,0 PKR,2,family; couple; peaceful; cultural; educational,4.4
370,Birmoghlasht,A scenic plateau near Chitral with camping facilities and panoramic mountain views.,35.84623,71.7858,Chitral,Khyber Pakhtunkhwa,Meadow,Hiking; Camping; Photography; Picnicking; Stargazing,500 PKR,4,family; friends; relaxed; peaceful,4.4
371,Golen Valley,A remote valley in Chitral known for its hydroelectric potential and scenic beauty.,35.850889,71.79019,Chitral,Khyber Pakhtunkhwa,Valley,Hiking; Photography; Sightseeing; Nature Walks,0 PKR,5,family; couple; friends; solo; relaxed; peaceful,4.7
372,Shahi Masjid Chitral,The grand mosque of the former rulers of Chitral state with impressive architecture.,35.853313,71.790457,Chitral,Khyber Pakhtunkhwa,Mosque,Photography; Sightseeing,0 PKR,0.5,family; peaceful; cultural; spiritual,4.4
373,Drosh Town,A town in lower Chitral known for its citrus orchards and warm climate.,35.558148,71.792692,Chitral,Khyber Pakhtunkhwa,Village,Photography; Walking; Cultural Tours; Village Walks,0 PKR,2,family; couple; peaceful; cultural; educational,4.4
374,Drosh Fort,A historic military fort in Drosh town built during the British era.,35.56036,71.79604,Chitral,Khyber Pakhtunkhwa,Fort,Photography; Sightseeing; History Tours,0 PKR,1.5,family; couple; cultural; educational,4.4
375,Arandu Village,A village near the Afghan border in Chitral with cross-border cultural connections.,35.850889,71.79019,Chitral,Khyber Pakhtunkhwa,Village,Photography; Cultural Tours; Village Walks,0 PKR,2,family; couple; peaceful; cultural; educational,4.4
376,Reshun Village,A village in upper Chitral with a historic fort and polo ground.,35.850889,71.79019,Chitral,Khyber Pakhtunkhwa,Village,Photography; Cultural Tours; Village Walks; Polo Watching,0 PKR,2,family; couple; peaceful; cultural; educational,4.4
377,Chitral Walnut Trees Walk,A scenic walk through ancient walnut tree groves in the Chitral Valley.,35.84623,71.7858,Chitral,Khyber Pakhtunkhwa,Park,Photography; Walking; Picnicking,0 PKR,3,family; couple; friends; relaxed; peaceful; cultural; educational,4.4
378,Boroghil Valley,A remote high-altitude valley near the Afghan border with yak herding communities.,36.284819,72.254095,Chitral,Khyber Pakhtunkhwa,Valley,Hiking; Photography; Sightseeing; Nature Walks,0 PKR,5,family; couple; friends; solo; relaxed; peaceful,5.0
379,Broghil Pass,A historic mountain pass connecting Chitral with the Wakhan Corridor of Afghanistan.,36.883265,73.350769,Chitral,Khyber Pakhtunkhwa,Pass,Photography; Sightseeing,0 PKR,1.5,family; couple; friends; adventurous; peaceful; cultural; educational,5.0
380,Yarkhun Valley,A long valley in upper Chitral along the Yarkhun River with diverse landscapes.,36.277139,72.517129,Chitral,Khyber Pakhtunkhwa,Valley,Hiking; Photography; Sightseeing; Nature Walks,0 PKR,5,family; couple; friends; relaxed; peaceful,4.7
381,Chitral Mountain Festival Ground,A festival ground where the annual Chitral mountain festival showcases local culture.,35.850889,71.79019,Chitral,Khyber Pakhtunkhwa,Cultural Site,Photography; Sightseeing; Cultural Tours,0 PKR,1.5,family; couple; cultural; educational,4.4
382,Terich Valley,A valley leading to the Tirich Mir base camp through stunning mountain terrain.,35.664336,71.735918,Chitral,Khyber Pakhtunkhwa,Valley,Hiking; Camping; Photography; Sightseeing; Nature Walks,1000 PKR,6,solo; friends; adventurous; peaceful,4.6
383,Tirich Mir Base Camp Trail,A trekking route to the base of Tirich Mir through alpine meadows and glaciers.,35.850889,71.79019,Chitral,Khyber Pakhtunkhwa,Adventure Spot,Trekking; Camping; Photography,2000 PKR,24,solo; friends; adventurous; energetic,4.4
384,Koghuzi Valley,A side valley near Chitral with walnut orchards and terraced farming.,35.850889,71.79019,Chitral,Khyber Pakhtunkhwa,Valley,Hiking; Photography; Sightseeing; Nature Walks; Walking,0 PKR,5,family; couple; friends; relaxed; peaceful,4.7
385,Chitral Sunset Viewpoint,A hilltop viewpoint near Chitral town for watching sunset over the Hindu Kush.,35.850889,71.79019,Chitral,Khyber Pakhtunkhwa,Viewpoint,Photography; Sightseeing; Sunset Viewing,0 PKR,1,family; couple; solo; peaceful; romantic,4.4
386,Garam Chashma Valley,The scenic valley around Garam Chashma with pine forests and river views.,35.850889,71.79019,Chitral,Khyber Pakhtunkhwa,Valley,Hiking; Photography; Sightseeing; Nature Walks,0 PKR,5,family; couple; friends; relaxed; peaceful; meditative,4.7
387,Lotkuh Valley,A valley in Chitral inhabited by the Kalash and Kho people with cultural diversity.,35.744704,71.685613,Chitral,Khyber Pakhtunkhwa,Valley,Hiking; Photography; Sightseeing; Nature Walks,0 PKR,5,family; couple; friends; relaxed; peaceful,4.6
388,Rumbur Valley Walk,A walking trail through the Rumbur Kalash Valley passing traditional houses and orchards.,35.775187,71.693277,Chitral,Khyber Pakhtunkhwa,Adventure Spot,Photography; Walking,0 PKR,2.5,family; friends; adventurous; thrilling; energetic,4.6
389,Kumrat Valley,"A stunning valley in Upper Dir with pine forests, waterfalls, and the Panjkora River.",35.204174,71.872310,Dir,Khyber Pakhtunkhwa,Valley,Hiking; Camping; Photography; Fishing; Horse Riding; Nature Walks,1500 PKR,8,family; friends; couple; adventurous; peaceful; romantic,4.7
390,Jahaz Banda Meadow,A high-altitude meadow in Kumrat resembling an airplane landing strip surrounded by peaks.,35.58959,72.16103,Dir,Khyber Pakhtunkhwa,Meadow,Hiking; Camping; Photography; Picnicking; Stargazing,500 PKR,4,friends; solo; adventurous; peaceful,4.7
391,Do Kala Chashma,A scenic spot in Kumrat Valley where two streams meet amidst thick forests.,35.208014,71.877977,Dir,Khyber Pakhtunkhwa,Viewpoint,Photography; Sightseeing,0 PKR,1,family; couple; solo; peaceful; romantic; meditative,4.7
392,Kumrat Waterfall,A multi-tiered waterfall in Kumrat Valley cascading through pine forests.,35.53066,72.22993,Dir,Khyber Pakhtunkhwa,Waterfall,Hiking; Photography; Sightseeing,0 PKR,1,family; couple; friends; peaceful; romantic; meditative,4.5
393,Panjkora River,A major river flowing through Dir district known for its clear blue-green waters.,34.955162,72.484512,Dir,Khyber Pakhtunkhwa,River,Photography; Sightseeing; Fishing,500 PKR,2,friends; solo; relaxed; peaceful,4.7
394,Lowari Pass,"A mountain pass connecting Dir with Chitral, now served by the Lowari Tunnel.",34.955162,72.484512,Dir,Khyber Pakhtunkhwa,Pass,Photography; Sightseeing; Driving,0 PKR,1.5,family; couple; friends; adventurous; peaceful,4.7
395,Lowari Tunnel,"A 10km tunnel through the Hindu Kush connecting Dir with Chitral, a modern engineering marvel.",0.000000,0.000000,Dir,Khyber Pakhtunkhwa,Historical Site,Photography; Sightseeing; History Tours,0 PKR,1.5,family; couple; cultural; educational,4.0
396,Dir Fort,The historic fort of the Nawab of Dir overlooking the Dir Valley.,35.203592,71.876475,Dir,Khyber Pakhtunkhwa,Fort,Photography; Sightseeing; History Tours,0 PKR,1.5,family; couple; cultural; educational,4.7
397,Shahi Bagh (Dir),A garden area in Dir town with historical significance as the Nawab's pleasure garden.,34.02101,71.57522,Dir,Khyber Pakhtunkhwa,Park,Photography; Walking; Picnicking,30 PKR,3,family; couple; friends; relaxed; peaceful; cultural; educational,4.7
398,Thall Village (Dir),A scenic village in upper Dir serving as the gateway to Kumrat Valley.,34.955162,72.484512,Dir,Khyber Pakhtunkhwa,Village,Photography; Cultural Tours; Village Walks,0 PKR,2,family; couple; peaceful; cultural; educational,4.7
399,Katora Lake,A high-altitude lake in Upper Dir accessible via a challenging trek through alpine terrain.,34.955162,72.484512,Dir,Khyber Pakhtunkhwa,Lake,Trekking; Photography; Sightseeing; Picnicking,0 PKR,2.5,family; couple; friends; adventurous; energetic; relaxed; peaceful; meditative,4.7
400,Bin Shahi Meadow,A large alpine meadow near Kumrat Valley ideal for camping and nature walks.,35.208014,71.877977,Dir,Khyber Pakhtunkhwa,Meadow,Hiking; Camping; Photography; Walking; Picnicking; Stargazing,500 PKR,3,friends; solo; peaceful; relaxed,4.7
401,Badwan Valley,A scenic valley in Dir with dense forests and traditional Pashtun villages.,34.955162,72.484512,Dir,Khyber Pakhtunkhwa,Valley,Hiking; Photography; Sightseeing; Nature Walks,0 PKR,5,family; couple; friends; relaxed; peaceful; meditative,4.8
402,Dir Bazaar,The main marketplace of Dir town with local handicrafts and traditional items.,35.194603,71.870882,Dir,Khyber Pakhtunkhwa,Market,White-water Rafting; Shopping; Food Tasting,500 PKR,1.5,family; friends; laid-back,4.7
403,Sheringal Valley,A remote valley in Dir with pristine forests and traditional communities.,34.955162,72.484512,Dir,Khyber Pakhtunkhwa,Valley,Hiking; Photography; Sightseeing; Nature Walks,0 PKR,5,family; couple; friends; solo; relaxed; peaceful; meditative,4.8
404,Panjkora River Viewpoint,A scenic viewpoint overlooking the Panjkora River Valley from the main road.,35.00016,72.02672,Dir,Khyber Pakhtunkhwa,Viewpoint,Photography; Sightseeing,0 PKR,1,family; couple; solo; peaceful; romantic,4.7
405,Chakdara Fort,A historic British-era fort at the junction of the Dir and Swat valleys.,0.000000,0.000000,Dir,Khyber Pakhtunkhwa,Fort,Photography; Sightseeing; History Tours,0 PKR,1.5,family; couple; cultural; educational,4.0
406,Churchill Picket (Chakdara),The site where Winston Churchill fought during the Malakand Field Force campaign in 1897.,35.208014,71.877977,Dir,Khyber Pakhtunkhwa,Historical Site,Photography; Sightseeing; History Tours,0 PKR,1.5,family; couple; cultural; educational,4.7
407,Kumrat Forest Camp,A forest camping area in Kumrat Valley surrounded by tall pine trees.,34.446567,73.333565,Dir,Khyber Pakhtunkhwa,Camping Site,Hiking; Camping; Photography; Stargazing,500 PKR,4,family; friends; adventurous; relaxed; peaceful; romantic; meditative,4.7
408,Timergara Town,The main town of Lower Dir district with markets and as a transit point for travelers.,34.829081,71.842687,Dir,Khyber Pakhtunkhwa,Village,Photography; Shopping; Cultural Tours; Village Walks,0 PKR,2,family; couple; laid-back; peaceful; cultural; educational; festive,4.7
409,Talash Valley,A valley in Lower Dir known for its archaeological sites and agricultural terraces.,34.892606,71.901248,Dir,Khyber Pakhtunkhwa,Valley,Hiking; Photography; Sightseeing; Nature Walks,0 PKR,5,family; couple; friends; relaxed; peaceful,4.7
410,Upper Dir Forest Reserve,Protected forests in Upper Dir with diverse coniferous trees and wildlife.,34.955162,72.484512,Dir,Khyber Pakhtunkhwa,Forest,Hiking; Photography; Wildlife Watching; Birdwatching; Nature Walks,0 PKR,3,family; couple; solo; relaxed; peaceful; meditative,4.7
411,Lamutai Valley,A secluded valley in Upper Dir with seasonal waterfalls and pristine nature.,34.955162,72.484512,Dir,Khyber Pakhtunkhwa,Valley,Hiking; Photography; Sightseeing; Nature Walks,0 PKR,5,family; couple; friends; solo; relaxed; peaceful,4.8
412,Lake Saif-ul-Malook,A legendary alpine lake at 3224m believed to be the site of a fairy tale love story.,34.877214,73.69379,Naran,Khyber Pakhtunkhwa,Lake,Hiking; Camping; Photography; Sightseeing; Boating; Horse Riding,1500 PKR,3,family; friends; couple; romantic; peaceful; adventurous; spiritual,4.5
413,Naran Town,The main tourist town in Kaghan Valley serving as a base for exploring surrounding attractions.,34.90536,73.649,Naran,Khyber Pakhtunkhwa,Village,Photography; Sightseeing; Shopping; Food Tasting,0 PKR,2,family; couple; peaceful; cultural,4.2
414,Naran Bazaar,"The bustling main market of Naran offering local handicrafts, woolens, and mountain gear.",34.902701,73.649824,Naran,Khyber Pakhtunkhwa,Market,White-water Rafting; Shopping; Food Tasting,500 PKR,2,family; friends; couple; laid-back; festive,4.2
415,Lulusar Lake (KPK Side),A large scenic lake near Babusar Pass with deep blue waters and mountain reflections.,35.083601,73.925001,Naran,Khyber Pakhtunkhwa,Lake,Photography; Sightseeing; Boating; Picnicking,1000 PKR,2,family; couple; peaceful; romantic; meditative,5.0
416,Babusar Pass (KPK Side),The scenic pass connecting Kaghan Valley with Gilgit-Baltistan at 4173m elevation.,34.90536,73.649,Naran,Khyber Pakhtunkhwa,Pass,Photography; Sightseeing,0 PKR,1.5,family; couple; friends; adventurous; peaceful,4.5
417,Shogran,A scenic hill station above Kaghan Valley with meadows and views of Makra Peak.,34.77675,73.5253,Kaghan,Khyber Pakhtunkhwa,Meadow,Hiking; Camping; Photography; Chairlift Ride; Horse Riding; Picnicking,1500 PKR,5,family; couple; friends; relaxed; peaceful; romantic,4.8
418,Siri Paye Meadows,A vast high-altitude meadow above Shogran with 360-degree views of the Kaghan mountains.,34.77675,73.5253,Kaghan,Khyber Pakhtunkhwa,Meadow,Hiking; Camping; Photography; Horse Riding; Picnicking,1500 PKR,4,family; couple; friends; adventurous; peaceful; romantic,4.8
419,Lalazar Plateau,A beautiful alpine plateau covered with wildflowers offering views of snow-capped peaks.,34.90536,73.649,Naran,Khyber Pakhtunkhwa,Meadow,Hiking; Camping; Photography; Horse Riding; Picnicking,1500 PKR,4,family; couple; friends; peaceful; romantic; relaxed,4.6
420,Ansoo Lake (Tear Drop Lake),"A tear-shaped high-altitude lake visible from Malika Parbat, one of Pakistan's most unique lakes.",34.814119,73.676428,Naran,Khyber Pakhtunkhwa,Lake,Trekking; Photography,0 PKR,2.5,family; couple; friends; relaxed; peaceful,4.5
421,Dudipatsar Lake,A pristine alpine lake surrounded by snow-covered peaks accessible via a multi-day trek.,35.053021,73.948625,Naran,Khyber Pakhtunkhwa,Lake,Trekking; Camping; Photography,1000 PKR,10,solo; friends; adventurous; energetic; peaceful,5.0
422,Kunhar River,The main river flowing through Kaghan Valley offering fishing and white-water experiences.,34.719836,73.574523,Naran,Khyber Pakhtunkhwa,River,Photography; Sightseeing; Fishing; White-water Rafting,2000 PKR,3,friends; family; adventurous; thrilling,3.0
423,Kaghan Village,The historic village that gives the Kaghan Valley its name with traditional architecture.,34.780626,73.524155,Kaghan,Khyber Pakhtunkhwa,Village,Photography; Cultural Tours; Village Walks,0 PKR,2,family; couple; peaceful; cultural; educational,4.8
424,Balakot Town,"The gateway to Kaghan Valley, a town rebuilt after the 2005 earthquake.",34.550674,73.352573,Balakot,Khyber Pakhtunkhwa,Village,Photography; Cultural Tours; Village Walks,0 PKR,2,family; couple; peaceful; cultural; educational,4.8
425,Paras Village,A scenic village in the Kaghan Valley between Kaghan and Naran.,34.780626,73.524155,Kaghan,Khyber Pakhtunkhwa,Village,Photography; Cultural Tours; Village Walks,0 PKR,2,family; couple; peaceful; cultural; educational,4.8
426,Kawai Waterfall,A waterfall along the road between Balakot and Naran surrounded by forests.,34.6333,73.42559,Kaghan,Khyber Pakhtunkhwa,Waterfall,Hiking; Photography; Sightseeing,0 PKR,1,family; couple; friends; peaceful; romantic; meditative,5.0
427,Malika Parbat Viewpoint,"Viewpoint for the 5290m Malika Parbat, the queen of Kaghan mountains.",34.86,73.66,Naran,Khyber Pakhtunkhwa,Viewpoint,Photography; Sightseeing,0 PKR,1,family; couple; solo; peaceful; romantic,4.5
428,Batakundi Village,A scenic village north of Naran serving as a stop on the way to Babusar Pass.,34.475651,72.480796,Naran,Khyber Pakhtunkhwa,Village,Photography; Cultural Tours; Village Walks,0 PKR,2,family; couple; peaceful; cultural; educational,4.5
429,Besal Village,A starting point for treks to Lake Saif-ul-Malook and nearby alpine areas.,34.475651,72.480796,Naran,Khyber Pakhtunkhwa,Village,Trekking; Photography; Cultural Tours; Village Walks,0 PKR,2,family; couple; adventurous; energetic; peaceful; cultural; educational; meditative,4.5
430,Jalkhad Village,A village near Babusar Pass surrounded by alpine scenery.,34.475651,72.480796,Naran,Khyber Pakhtunkhwa,Village,Photography; Cultural Tours; Village Walks,0 PKR,2,family; couple; peaceful; cultural; educational; meditative,4.5
431,Kunhar River Rafting Point,White-water rafting launch points along the Kunhar River near Naran.,34.9,73.64,Naran,Khyber Pakhtunkhwa,Adventure Spot,Photography; White-water Rafting,3000 PKR,2.5,friends; family; adventurous; thrilling; energetic,4.8
432,Pyala Lake,A small cup-shaped lake near Shogran accessible via a moderate trek.,34.955162,72.484512,Kaghan,Khyber Pakhtunkhwa,Lake,Photography; Sightseeing; Boating; Picnicking,1000 PKR,2.5,couple; solo; peaceful; meditative,4.8
433,Makra Peak Viewpoint,Viewpoint for the 3885m Makra Peak visible from Shogran and Siri Paye.,34.77675,73.5253,Kaghan,Khyber Pakhtunkhwa,Viewpoint,Photography; Sightseeing,0 PKR,1,solo; peaceful; romantic,4.8
434,Naran Waterfall,A waterfall near Naran town visible from the main road.,34.90536,73.649,Naran,Khyber Pakhtunkhwa,Waterfall,Hiking; Photography; Sightseeing,0 PKR,1,family; couple; friends; peaceful; romantic,4.5
435,Lulusar-Dudipatsar National Park,"A national park encompassing alpine lakes, meadows, and wildlife in the upper Kaghan Valley.",0.000000,0.000000,Naran,Khyber Pakhtunkhwa,Park,Photography; Wildlife Watching; Walking; Picnicking,200 PKR,3,family; couple; friends; relaxed; peaceful; meditative,5.0
436,Gittidas Camping Ground,A popular camping area near Lake Saif-ul-Malook with basic facilities.,36.48113,72.65519,Naran,Khyber Pakhtunkhwa,Camping Site,Hiking; Camping; Photography; Stargazing,500 PKR,4,family; friends; adventurous; relaxed; peaceful; romantic; meditative,4.5
437,Babusar Top Viewpoint,The highest point of Babusar Pass road offering views of both Kaghan and Chilas valleys.,35.112995,73.984796,Naran,Khyber Pakhtunkhwa,Viewpoint,Photography; Sightseeing,0 PKR,1,family; couple; solo; peaceful; romantic,4.5
438,Lake Saif-ul-Malook Camping,Designated camping area near the legendary lake for overnight stargazing experiences.,34.881,73.691,Naran,Khyber Pakhtunkhwa,Camping Site,Hiking; Camping; Photography; Stargazing,500 PKR,4,family; friends; adventurous; relaxed; peaceful; romantic; meditative,4.5
439,Noori Top,A viewpoint above Shogran offering views of the Kaghan Valley and surrounding peaks.,34.780626,73.524155,Kaghan,Khyber Pakhtunkhwa,Viewpoint,Photography; Sightseeing,0 PKR,1,solo; peaceful; romantic,4.8
440,Manoor Valley,A scenic valley near Shogran with terraced fields and forest trails.,34.77675,73.5253,Kaghan,Khyber Pakhtunkhwa,Valley,Hiking; Photography; Sightseeing; Nature Walks,0 PKR,5,family; couple; friends; relaxed; peaceful; meditative,4.8
441,Kaghan Forest Walk,A forested walking trail near Kaghan village through pine and deodar trees.,34.77675,73.5253,Kaghan,Khyber Pakhtunkhwa,Forest,Hiking; Photography; Birdwatching; Nature Walks,0 PKR,3,family; couple; solo; relaxed; peaceful; meditative,4.8
442,Paya Meadow,A high-altitude meadow accessible from Shogran with panoramic Himalayan views.,34.77675,73.5253,Kaghan,Khyber Pakhtunkhwa,Meadow,Hiking; Camping; Photography; Picnicking; Stargazing,500 PKR,3,family; couple; friends; relaxed; peaceful,4.8
443,Jared Lake,A small alpine lake in the Kaghan Valley accessible via trek.,34.67627,73.55669,Naran,Khyber Pakhtunkhwa,Lake,Trekking; Photography; Sightseeing; Picnicking,0 PKR,2.5,family; couple; friends; adventurous; energetic; relaxed; peaceful; meditative,4.6
444,Saral Lake,A serene lake in the upper reaches of the Kaghan Valley.,34.955162,72.484512,Naran,Khyber Pakhtunkhwa,Lake,Photography; Sightseeing; Boating; Picnicking,1000 PKR,3,solo; friends; adventurous; peaceful,4.5
445,Shogran Pine Forest,A thick pine forest area near Shogran ideal for nature walks.,34.77675,73.5253,Kaghan,Khyber Pakhtunkhwa,Forest,Hiking; Photography; Birdwatching; Nature Walks,0 PKR,3,family; couple; solo; relaxed; peaceful; meditative,4.8
446,Naran Rainbow Falls,A waterfall near Naran that occasionally produces rainbows in its mist.,34.90536,73.649,Naran,Khyber Pakhtunkhwa,Waterfall,Hiking; Photography; Sightseeing,0 PKR,1,family; couple; friends; peaceful; romantic,4.5
447,Babusar Meadows,Rolling meadows near Babusar Pass with summer wildflowers and pastoral scenery.,34.90536,73.649,Naran,Khyber Pakhtunkhwa,Meadow,Hiking; Camping; Photography; Picnicking; Stargazing,500 PKR,3,family; couple; friends; adventurous; relaxed; peaceful; romantic; meditative,4.7
448,Kunhar River Trout Farm,A trout hatchery along the Kunhar River where visitors can observe fish farming.,34.780626,73.524155,Kaghan,Khyber Pakhtunkhwa,Park,Photography; Fishing; Walking; Picnicking,300 PKR,1,family; relaxed; educational,4.8
449,Naran Jeep Track Viewpoint,An elevated viewpoint accessible by jeep above Naran offering valley panoramas.,34.90536,73.649,Naran,Khyber Pakhtunkhwa,Viewpoint,Photography; Sightseeing,0 PKR,1,family; couple; solo; peaceful; romantic,4.5
450,Upper Kaghan Waterfall,A seasonal waterfall in the upper reaches of Kaghan Valley near Batakundi.,34.77675,73.5253,Naran,Khyber Pakhtunkhwa,Waterfall,Hiking; Photography; Sightseeing,0 PKR,1,family; couple; friends; peaceful; romantic,4.8
451,Shogran Camping Ground,A designated camping area in Shogran with mountain views and pine trees.,34.780626,73.524155,Kaghan,Khyber Pakhtunkhwa,Camping Site,Hiking; Camping; Photography; Stargazing,500 PKR,4,family; friends; adventurous; relaxed; peaceful; romantic; meditative,4.8
452,Nathia Gali,A popular hill station in the Galiyat region with pine forests and cool summer weather.,34.068312,73.392726,Abbottabad,Khyber Pakhtunkhwa,Village,Photography; Cultural Tours; Village Walks,0 PKR,3,family; couple; friends; relaxed; peaceful,4.6
453,Ayubia National Park,"A national park in the Galiyat region with hiking trails, wildlife, and pine forests.",0.000000,0.000000,Abbottabad,Khyber Pakhtunkhwa,Park,Hiking; Photography; Wildlife Watching; Birdwatching; Nature Walks; Picnicking,50 PKR,4,family; couple; friends; relaxed; peaceful,4.3
454,Mushkpuri Peak,The highest point in the Galiyat at 2800m offering panoramic views of the Himalayas.,34.061511,73.430326,Abbottabad,Khyber Pakhtunkhwa,Mountain,Trekking; Hiking; Photography,0 PKR,4,friends; solo; adventurous; energetic; peaceful; romantic,4.4
455,Miranjani Peak,A popular trekking peak at 2992m in the Galiyat offering views of Nanga Parbat on clear days.,34.105087,73.407233,Abbottabad,Khyber Pakhtunkhwa,Mountain,Trekking; Hiking; Photography,0 PKR,4,friends; solo; adventurous; energetic,4.5
456,Pipeline Track (Ayubia),A famous 5km walking trail through the Ayubia forest with monkeys and birds.,34.040281,73.403392,Abbottabad,Khyber Pakhtunkhwa,Adventure Spot,Hiking; Photography; Wildlife Watching; Birdwatching; Nature Walks,50 PKR,2.5,family; friends; adventurous; thrilling; energetic; relaxed; peaceful; meditative,4.6
457,Thandiani,A hill station near Abbottabad at 2750m with mountain views and hiking trails.,34.231247,73.352510,Abbottabad,Khyber Pakhtunkhwa,Village,Hiking; Photography; Cultural Tours; Village Walks,0 PKR,3,family; couple; friends; peaceful; relaxed,4.2
458,Abbottabad City,"A scenic cantonment city founded by James Abbott, known for its pleasant climate.",34.144828,73.212449,Abbottabad,Khyber Pakhtunkhwa,Village,Photography; Cultural Tours; Village Walks,0 PKR,2,family; couple; peaceful; cultural; educational,4.2
459,Ilyasi Mosque,A historic mosque in Abbottabad built beside a natural spring and waterfall.,34.171036,73.258787,Abbottabad,Khyber Pakhtunkhwa,Mosque,Photography; Sightseeing,0 PKR,0.5,family; peaceful; cultural; educational; spiritual,4.5
460,Shimla Hill (Abbottabad),A hilltop viewpoint in Abbottabad offering panoramic views of the city and mountains.,34.158678,73.213823,Abbottabad,Khyber Pakhtunkhwa,Viewpoint,Photography; Sightseeing,0 PKR,1,family; couple; solo; peaceful; romantic,4.5
461,Harnoi Village,A scenic village near Abbottabad known for its forests and trekking trails.,34.143614,73.213275,Abbottabad,Khyber Pakhtunkhwa,Village,Trekking; Photography; Cultural Tours; Village Walks,0 PKR,2,family; couple; adventurous; energetic; peaceful; cultural; educational; meditative,4.2
462,Dungagali Village,A hill station in the Galiyat chain with forests and walking trails.,34.143614,73.213275,Abbottabad,Khyber Pakhtunkhwa,Village,Photography; Cultural Tours; Village Walks,0 PKR,2,family; couple; peaceful; cultural; educational; meditative,4.2
463,Changla Gali,A small town in the Galiyat known for its army school and pine-scented air.,33.995095,73.375051,Abbottabad,Khyber Pakhtunkhwa,Village,Photography; Cultural Tours; Village Walks,0 PKR,2,family; couple; peaceful; cultural; educational; meditative,4.6
464,Khaira Gali,A quiet hill station in the Galiyat with colonial-era buildings and forest walks.,34.143614,73.213275,Abbottabad,Khyber Pakhtunkhwa,Village,Photography; Cultural Tours; Village Walks,0 PKR,2,family; couple; peaceful; cultural; educational; meditative,4.2
465,Galiyat Development Trail,A developed walking trail connecting various Galiyat hill stations through forests.,34.143614,73.213275,Abbottabad,Khyber Pakhtunkhwa,Adventure Spot,Photography; Walking,0 PKR,2.5,family; friends; adventurous; thrilling; energetic; meditative,4.7
466,Ayubia Chairlift,A chairlift ride in Ayubia offering aerial views of the pine forests and mountains.,0.000000,0.000000,Abbottabad,Khyber Pakhtunkhwa,Adventure Spot,Photography; Sightseeing; Chairlift Ride,1000 PKR,1,family; friends; couple; thrilling; adventurous,3.5
467,Pir Sohawa (Islamabad-Galiyat Road),A viewpoint on the road from Islamabad to the Galiyat with city and mountain views.,34.143614,73.213275,Abbottabad,Khyber Pakhtunkhwa,Viewpoint,Photography; Sightseeing,0 PKR,1,family; couple; solo; peaceful; romantic,4.5
468,Haveliyan Town,A historic town near Abbottabad marking the end of the Karakoram Highway route from Islamabad.,34.048333,73.133646,Abbottabad,Khyber Pakhtunkhwa,Village,Photography; Cultural Tours; Village Walks,0 PKR,2,family; couple; peaceful; cultural; educational,5.0
469,Nathia Gali Church,A colonial-era church in Nathia Gali built during the British period.,34.07257,73.39083,Abbottabad,Khyber Pakhtunkhwa,Historical Site,Photography; Sightseeing; History Tours,0 PKR,1.5,family; couple; cultural; educational,4.6
470,Nathia Gali Governor House,The Governor's summer retreat in Nathia Gali surrounded by pine forests.,34.143614,73.213275,Abbottabad,Khyber Pakhtunkhwa,Historical Site,Photography; Sightseeing; History Tours,0 PKR,1.5,family; couple; cultural; educational; meditative,4.3
471,Bakot Town,A town in the Galiyat region with a traditional bazaar and mountain views.,34.143614,73.213275,Abbottabad,Khyber Pakhtunkhwa,Village,Photography; Shopping; Cultural Tours; Village Walks,0 PKR,2,family; couple; laid-back; peaceful; cultural; educational; festive,4.2
472,Abbottabad Botanical Garden,A small botanical garden in Abbottabad with local and imported plant species.,34.143614,73.213275,Abbottabad,Khyber Pakhtunkhwa,Park,Photography; Walking; Picnicking,30 PKR,3,family; couple; friends; relaxed; peaceful,4.4
473,Shimla Hill Trail,A hiking trail in Abbottabad leading to Shimla Hill with forest and city views.,34.158678,73.213823,Abbottabad,Khyber Pakhtunkhwa,Adventure Spot,Hiking; Photography,0 PKR,2.5,family; friends; adventurous; thrilling; energetic; meditative,4.7
474,PMA Kakul Viewpoint,A viewpoint near the Pakistan Military Academy in Kakul with mountain views.,34.186323,73.258665,Abbottabad,Khyber Pakhtunkhwa,Viewpoint,Photography; Sightseeing,0 PKR,1,family; couple; solo; peaceful; romantic,4.5
475,Thandiani Forest Walk,A forest walking trail through deodar and pine forests in Thandiani.,34.143614,73.213275,Abbottabad,Khyber Pakhtunkhwa,Forest,Hiking; Photography; Birdwatching; Nature Walks,0 PKR,3,family; couple; solo; relaxed; peaceful; meditative,4.5
476,Thandiani Viewpoint,The main viewpoint in Thandiani overlooking the Kashmir and Kaghan mountain ranges.,34.143614,73.213275,Abbottabad,Khyber Pakhtunkhwa,Viewpoint,Photography; Sightseeing,0 PKR,1,family; couple; solo; peaceful; romantic,4.5
477,Bagnotar Village,A village near Abbottabad with lush green meadows and rural charm.,34.143614,73.213275,Abbottabad,Khyber Pakhtunkhwa,Village,Photography; Cultural Tours; Village Walks,0 PKR,2,family; couple; peaceful; cultural; educational,4.2
478,Sajikot Waterfall,A scenic waterfall near Havelian accessible by a short hike through green hills.,0.000000,0.000000,Abbottabad,Khyber Pakhtunkhwa,Waterfall,Hiking; Photography; Sightseeing,0 PKR,1,family; couple; friends; adventurous; energetic; peaceful; romantic,5.0
479,Ayubia Wildlife Sanctuary,"A protected area within Ayubia National Park for leopards, monkeys, and pheasants.",34.143614,73.213275,Abbottabad,Khyber Pakhtunkhwa,Park,Photography; Wildlife Watching; Walking; Picnicking,50 PKR,3,family; couple; friends; relaxed; peaceful,4.4
480,Mushkpuri Summit Trail,The trekking trail from Nathia Gali to the summit of Mushkpuri Peak.,34.143614,73.213275,Abbottabad,Khyber Pakhtunkhwa,Adventure Spot,Trekking; Photography,0 PKR,2.5,friends; adventurous; thrilling; energetic,4.7
481,Miranjani Summit Trail,A moderately challenging trek from Nathia Gali to the Miranjani Peak summit.,34.095924,73.404543,Abbottabad,Khyber Pakhtunkhwa,Adventure Spot,Trekking; Photography,0 PKR,2.5,friends; adventurous; thrilling; energetic,4.5
482,Galiyat Pine Forest Walk,Scenic walks through thick pine forests connecting Galiyat hill stations.,34.143614,73.213275,Abbottabad,Khyber Pakhtunkhwa,Forest,Hiking; Photography; Birdwatching; Nature Walks,0 PKR,3,family; couple; solo; relaxed; peaceful; meditative,4.5
483,Mansehra Rock Edicts,Three rock inscriptions of Emperor Ashoka dating to the 3rd century BC with Buddhist teachings.,34.328685,73.199313,Mansehra,Khyber Pakhtunkhwa,Archaeological Site,Photography; Sightseeing; History Tours,0 PKR,1.5,family; couple; cultural; educational,4.2
484,Mansehra City,A historic city serving as the gateway to the Kaghan Valley and northern areas.,34.328685,73.199313,Mansehra,Khyber Pakhtunkhwa,Village,Photography; Cultural Tours; Village Walks,0 PKR,2,family; couple; peaceful; cultural; educational,4.2
485,Siran Valley,A scenic valley in Mansehra district with terraced fields and traditional villages.,34.328685,73.199313,Mansehra,Khyber Pakhtunkhwa,Valley,Hiking; Photography; Sightseeing; Nature Walks,0 PKR,5,family; couple; friends; relaxed; peaceful,4.6
486,Shinkiari Town,A town in Mansehra district known for its pleasant climate and proximity to the mountains.,34.4711,73.27071,Mansehra,Khyber Pakhtunkhwa,Village,Photography; Cultural Tours; Village Walks,0 PKR,2,family; couple; peaceful; cultural; educational,4.2
487,Oghi Town,A town in Mansehra with traditional markets and views of the Siran Valley.,34.497304,73.016044,Mansehra,Khyber Pakhtunkhwa,Village,Photography; Shopping; Cultural Tours; Village Walks,0 PKR,2,family; couple; laid-back; peaceful; cultural; educational; festive,4.2
488,Balakot Earthquake Memorial,A memorial site for the devastating 2005 earthquake that struck Balakot and surrounding areas.,34.555,73.345,Balakot,Khyber Pakhtunkhwa,Historical Site,Photography; Sightseeing; History Tours,0 PKR,1.5,family; couple; cultural; educational,4.8
489,Konsh Valley,A lesser-known valley near Mansehra with forests and seasonal streams.,34.328685,73.199313,Mansehra,Khyber Pakhtunkhwa,Valley,Hiking; Photography; Sightseeing; Nature Walks,0 PKR,5,family; couple; friends; relaxed; peaceful; meditative,4.6
490,Phulra Valley,A scenic valley near Mansehra with lush vegetation and rural landscapes.,34.955162,72.484512,Mansehra,Khyber Pakhtunkhwa,Valley,Hiking; Photography; Sightseeing; Nature Walks,0 PKR,5,family; couple; friends; relaxed; peaceful,4.1
491,Mansehra Forest Reserve,Protected forests in the Mansehra district with diverse flora and fauna.,34.50682,73.32598,Mansehra,Khyber Pakhtunkhwa,Forest,Hiking; Photography; Birdwatching; Nature Walks,0 PKR,3,family; couple; solo; relaxed; peaceful; meditative,5.0
492,Chitta Batta,A white stone formation area near Mansehra known for its geological significance.,34.328685,73.199313,Mansehra,Khyber Pakhtunkhwa,Viewpoint,Photography; Sightseeing,0 PKR,1,family; couple; solo; peaceful; romantic,4.5
493,Jared Valley (Mansehra),A fertile valley in Mansehra with orchards and traditional agriculture.,34.328685,73.199313,Mansehra,Khyber Pakhtunkhwa,Valley,Hiking; Photography; Sightseeing; Nature Walks; Walking,0 PKR,5,family; couple; friends; relaxed; peaceful,4.6
494,Mansehra Museum,A small museum displaying local artifacts and replicas of the Ashoka rock edicts.,34.330501,73.203411,Mansehra,Khyber Pakhtunkhwa,Museum,Photography; Sightseeing; Museum Visit,50 PKR,1.5,family; couple; cultural; educational,4.3
495,Paras Pine Forest,Dense pine forests near Paras village in the Kaghan Valley.,34.328685,73.199313,Mansehra,Khyber Pakhtunkhwa,Forest,Hiking; Photography; Birdwatching; Nature Walks,0 PKR,3,family; couple; solo; relaxed; peaceful; meditative,4.5
496,Damtour Waterfall,A scenic waterfall near Mansehra accessible by a short drive and walk.,34.328685,73.199313,Mansehra,Khyber Pakhtunkhwa,Waterfall,Hiking; Photography; Sightseeing,0 PKR,1,family; couple; friends; peaceful; romantic,4.5
497,Siran Forest Walk,A nature walk through the forests of the Siran Valley in Mansehra.,34.328685,73.199313,Mansehra,Khyber Pakhtunkhwa,Forest,Hiking; Photography; Birdwatching; Nature Walks,0 PKR,3,family; couple; solo; relaxed; peaceful; meditative,4.5
498,Arang Kel,"A stunning hillside village at 2554m accessible by chairlift from Kel, known as the pearl of Neelum.",34.805267,74.345390,Neelum Valley,Azad Kashmir,Village,Hiking; Camping; Photography; Chairlift Ride; Cultural Tours; Village Walks,1500 PKR,5,friends; solo; couple; adventurous; peaceful; romantic,4.7
499,Kel Village,A scenic village in the upper Neelum Valley surrounded by towering mountains and dense forests.,34.637171,73.971753,Neelum Valley,Azad Kashmir,Village,Photography; Cultural Tours; Village Walks,0 PKR,3,friends; solo; couple; peaceful; adventurous; cultural,4.1
500,Sharda Ancient University Ruins,Ruins of the ancient Hindu Buddhist university of Sharda dating back to the 4th century.,34.637171,73.971753,Neelum Valley,Azad Kashmir,Archaeological Site,Photography; Sightseeing; History Tours,0 PKR,1.5,family; couple; cultural; educational,4.1
501,Sharda Village,A historic village with the ruins of an ancient temple and university on the banks of the Neelum River.,34.637171,73.971753,Neelum Valley,Azad Kashmir,Village,Photography; Cultural Tours; Village Walks,0 PKR,2,family; couple; peaceful; cultural; educational,4.1
502,Ratti Gali Lake,"A stunning alpine glacial lake at 3680m surrounded by snow-capped peaks, a top destination.",34.830368,74.057920,Neelum Valley,Azad Kashmir,Lake,Trekking; Camping; Photography; Stargazing,1000 PKR,10,solo; friends; adventurous; energetic; peaceful; meditative,4.9
503,Chitta Katha Lake,A beautiful high-altitude lake at 4100m in the Neelum Valley with pristine turquoise waters.,0.000000,0.000000,Neelum Valley,Azad Kashmir,Lake,Trekking; Camping; Photography,1000 PKR,10,solo; friends; adventurous; energetic; peaceful,5.0
504,Shounter Lake,A stunning glacial lake in the Shounter Valley accessible via a multi-day trek.,34.823869,74.366573,Neelum Valley,Azad Kashmir,Lake,Trekking; Photography; Sightseeing; Picnicking,0 PKR,24,family; couple; friends; adventurous; energetic; relaxed; peaceful,4.8
505,Neelum River,The emerald green river flowing through the Neelum Valley with rapids and fishing spots.,0.000000,0.000000,Neelum Valley,Azad Kashmir,River,Photography; Sightseeing; Fishing; White-water Rafting,2000 PKR,2,friends; family; adventurous; thrilling; relaxed,4.1
506,Keran Village,A scenic village on the Line of Control where Pakistani and Indian Kashmir meet across the river.,34.859756,74.183038,Neelum Valley,Azad Kashmir,Village,Photography; Cultural Tours; Village Walks,0 PKR,2,family; couple; peaceful; cultural; educational,4.9
507,Taobut Village,The last accessible village in the Neelum Valley near the Line of Control.,34.859756,74.183038,Neelum Valley,Azad Kashmir,Village,Photography; Cultural Tours; Village Walks,0 PKR,2,family; couple; peaceful; cultural; educational,4.1
508,Athmuqam Town,The capital of Neelum District with markets and administrative buildings.,34.637171,73.971753,Neelum Valley,Azad Kashmir,Village,Photography; Shopping; Cultural Tours; Village Walks,0 PKR,2,family; couple; laid-back; peaceful; cultural; educational; festive,4.1
509,Dhani Waterfall,A beautiful waterfall near Athmuqam cascading through forested hills.,0.000000,0.000000,Neelum Valley,Azad Kashmir,Waterfall,Hiking; Photography; Sightseeing,0 PKR,1,family; couple; friends; peaceful; romantic; meditative,5.0
510,Kutton Jagran Waterfall,A spectacular multi-tiered waterfall near Jagran village accessible from Kutton.,34.637171,73.971753,Neelum Valley,Azad Kashmir,Waterfall,Hiking; Photography; Sightseeing,0 PKR,1,family; couple; friends; peaceful; romantic,4.1
511,Kutton Camping Ground,A popular camping site in the Neelum Valley beside the river with forest backdrop.,34.637171,73.971753,Neelum Valley,Azad Kashmir,Camping Site,Hiking; Camping; Photography; Stargazing,500 PKR,4,family; friends; adventurous; relaxed; peaceful; romantic; meditative,4.1
512,Baboon Top,A viewpoint and rest area on the Neelum Valley road offering valley and river views.,34.335573,74.925655,Neelum Valley,Azad Kashmir,Viewpoint,Photography; Sightseeing,0 PKR,1,family; couple; solo; peaceful; romantic,4.1
513,Pir Chanasi Peak,A mountain peak at 3885m near Muzaffarabad offering skiing in winter.,34.414957,73.992424,Neelum Valley,Azad Kashmir,Mountain,Trekking; Skiing; Camping; Photography,2000 PKR,6,friends; solo; adventurous; energetic; thrilling,4.1
514,Dowarian Village,A scenic village in the Neelum Valley with traditional houses and forest surroundings.,34.637171,73.971753,Neelum Valley,Azad Kashmir,Village,Photography; Cultural Tours; Village Walks,0 PKR,2,family; couple; peaceful; cultural; educational; meditative,4.1
515,Upper Neelum Viewpoint,An elevated viewpoint offering views of the upper Neelum Valley and surrounding peaks.,34.859756,74.183038,Neelum Valley,Azad Kashmir,Viewpoint,Photography; Sightseeing,0 PKR,1,solo; peaceful; romantic,4.1
516,Surgon Valley,A scenic side valley in Neelum with forests and mountain streams.,34.659492,73.948305,Neelum Valley,Azad Kashmir,Valley,Hiking; Photography; Sightseeing; Nature Walks,0 PKR,5,family; couple; friends; relaxed; peaceful; meditative,4.1
517,Nauseri Village,A village along the Neelum Valley road known for its riverside location and views.,34.637171,73.971753,Neelum Valley,Azad Kashmir,Village,Photography; Cultural Tours; Village Walks,0 PKR,2,family; couple; peaceful; cultural; educational,4.1
518,Jhelum Point (Neelum),The point where the Neelum River meets the Jhelum River near Muzaffarabad.,34.279551,73.482628,Neelum Valley,Azad Kashmir,Viewpoint,Photography; Sightseeing,0 PKR,1,family; couple; solo; peaceful; romantic,4.8
519,Sharda Fort Ruins,Remains of an ancient fortress near the Sharda temple ruins overlooking the valley.,34.637171,73.971753,Neelum Valley,Azad Kashmir,Fort,Photography; Sightseeing; History Tours,0 PKR,1.5,family; couple; cultural; educational,4.1
520,Tao Butt Meadow,A lush green meadow at the end of the Neelum Valley road surrounded by pine forests.,34.802,74.502,Neelum Valley,Azad Kashmir,Meadow,Hiking; Camping; Photography; Picnicking; Stargazing,500 PKR,3,friends; solo; adventurous; peaceful,4.1
521,Kel Chairlift,A chairlift from Kel village to Arang Kel offering aerial views of the valley.,34.637171,73.971753,Neelum Valley,Azad Kashmir,Adventure Spot,Photography; Sightseeing; Chairlift Ride,1000 PKR,0.5,family; friends; couple; thrilling; adventurous,4.1
522,Shounter Valley,A remote valley branching from the main Neelum Valley leading to Shounter Lake.,0.000000,0.000000,Neelum Valley,Azad Kashmir,Valley,Hiking; Photography; Sightseeing; Nature Walks,0 PKR,5,family; couple; friends; solo; relaxed; peaceful,5.0
523,Neelum Valley Jeep Track,The scenic jeep road through the Neelum Valley with hairpin turns and river crossings.,34.859756,74.183038,Neelum Valley,Azad Kashmir,Adventure Spot,Photography,0 PKR,2.5,family; friends; adventurous; thrilling; energetic,4.1
524,Ratti Gali Lake Trek Camp,A trekking camp on the way to Ratti Gali Lake with mountain views.,34.824104,74.334704,Neelum Valley,Azad Kashmir,Camping Site,Trekking; Hiking; Camping; Photography; Stargazing,500 PKR,4,family; friends; adventurous; energetic; relaxed; peaceful; romantic; meditative,4.1
525,Halmat Village,A small village in the upper Neelum Valley with traditional wooden architecture.,34.637171,73.971753,Neelum Valley,Azad Kashmir,Village,Photography; Cultural Tours; Village Walks,0 PKR,2,family; couple; peaceful; cultural; educational,4.1
526,Noori Meadow,"An alpine meadow named after a folk tale, popular for camping and nature walks.",34.859756,74.183038,Neelum Valley,Azad Kashmir,Meadow,Hiking; Camping; Photography; Walking; Picnicking; Stargazing,500 PKR,3,friends; solo; couple; peaceful; romantic; meditative,4.8
527,Lawat Lake,A small scenic lake near Lawat village in the Neelum Valley.,34.726486,74.035381,Neelum Valley,Azad Kashmir,Lake,Photography; Sightseeing; Boating; Picnicking,1000 PKR,3,friends; solo; peaceful; adventurous,4.9
528,Chitta Katha Lake Trek,The trekking trail to Chitta Katha Lake through alpine forests and meadows.,34.637171,73.971753,Neelum Valley,Azad Kashmir,Adventure Spot,Trekking; Photography,0 PKR,2.5,family; friends; adventurous; thrilling; energetic; meditative,4.1
529,Neelum Valley Camping (Keran),Riverside camping spot near Keran village with LOC views.,34.637171,73.971753,Neelum Valley,Azad Kashmir,Camping Site,Hiking; Camping; Photography; Stargazing,500 PKR,4,family; friends; adventurous; relaxed; peaceful; romantic; meditative,4.1
530,Upper Keran Viewpoint,A viewpoint above Keran offering views across the Line of Control to Indian Kashmir.,34.667355,73.952149,Neelum Valley,Azad Kashmir,Viewpoint,Photography; Sightseeing,0 PKR,1,family; couple; solo; peaceful; romantic,4.1
531,Jagran Valley,A scenic side valley with a trout hatchery and waterfall near Kutton.,34.637171,73.971753,Neelum Valley,Azad Kashmir,Valley,Hiking; Photography; Sightseeing; Fishing; Nature Walks,500 PKR,3,family; friends; relaxed; peaceful,4.1
532,Salkhala Game Reserve,A wildlife reserve in the Neelum Valley home to Himalayan black bears and leopards.,34.637171,73.971753,Neelum Valley,Azad Kashmir,Park,Photography; Wildlife Watching; Walking; Picnicking,100 PKR,3,family; couple; friends; relaxed; peaceful,4.1
533,Karen Valley,A lush green valley near Keran with traditional villages and forests.,34.656482,73.946619,Neelum Valley,Azad Kashmir,Valley,Hiking; Photography; Sightseeing; Nature Walks,0 PKR,5,family; couple; friends; relaxed; peaceful; meditative,4.1
534,Neelum River Fishing Spot,Designated trout fishing spots along the Neelum River.,34.637171,73.971753,Neelum Valley,Azad Kashmir,Adventure Spot,Photography; Fishing,500 PKR,2.5,family; friends; adventurous; thrilling; energetic; relaxed; peaceful,4.1
535,Trekker's Camp (Kel),A trekker's camping ground near Kel village serving as base for high-altitude treks.,33.403683,72.926492,Neelum Valley,Azad Kashmir,Camping Site,Trekking; Hiking; Camping; Photography; Stargazing,500 PKR,4,family; friends; adventurous; energetic; relaxed; peaceful; romantic; meditative,4.1
536,Yamgar Meadow,A beautiful meadow above Kel offering camping under the stars with mountain views.,34.859756,74.183038,Neelum Valley,Azad Kashmir,Meadow,Hiking; Camping; Photography; Picnicking; Stargazing,500 PKR,3,friends; solo; peaceful; adventurous,4.1
537,Sharda Waterfall,A waterfall near Sharda village flowing through moss-covered rocks.,34.637171,73.971753,Neelum Valley,Azad Kashmir,Waterfall,Hiking; Photography; Sightseeing,0 PKR,1,family; couple; friends; peaceful; romantic,4.1
538,Dawarrian Mountain View,A viewpoint near Dowarian with panoramic views of snow peaks and green valleys.,34.917208,73.80302,Neelum Valley,Azad Kashmir,Viewpoint,Photography; Sightseeing,0 PKR,1,solo; peaceful; romantic,4.8
539,Janawai Village,A traditional village in the Neelum Valley with wooden houses and apple orchards.,34.637171,73.971753,Neelum Valley,Azad Kashmir,Village,Photography; Walking; Cultural Tours; Village Walks,0 PKR,2,family; couple; peaceful; cultural; educational,4.1
540,Taubat Hot Spring,A natural hot spring near the end of the Neelum Valley road at Taobut.,34.637171,73.971753,Neelum Valley,Azad Kashmir,Hot Spring,Photography; Hot Spring Bathing; Relaxation,300 PKR,1.5,family; couple; relaxed; peaceful,4.1
541,Neelum Valley Zip Line,An adventure zip line over the Neelum River offering thrilling aerial crossings.,34.63,73.94,Neelum Valley,Azad Kashmir,Adventure Spot,Photography; Sightseeing; Zip Lining,1500 PKR,0.5,friends; family; thrilling; adventurous; energetic,4.1
542,Saran Valley,A quiet valley near the upper Neelum with forests and seasonal waterfalls.,34.796557,74.189786,Neelum Valley,Azad Kashmir,Valley,Hiking; Photography; Sightseeing; Nature Walks,0 PKR,5,family; couple; friends; relaxed; peaceful; meditative,4.1
543,Dudh Pattian Waterfall,A milky white waterfall in the Neelum Valley surrounded by lush green forests.,34.637171,73.971753,Neelum Valley,Azad Kashmir,Waterfall,Hiking; Photography; Sightseeing,0 PKR,1,family; couple; friends; peaceful; romantic; meditative,4.1
544,Red Fort Muzaffarabad,A historic Mughal-era fort on a hilltop overlooking Muzaffarabad city and the rivers.,34.373475,73.470241,Muzaffarabad,Azad Kashmir,Fort,Hiking; Photography; Sightseeing; History Tours,100 PKR,1.5,family; couple; cultural; educational,3.4
545,Muzaffarabad City,The capital of Azad Kashmir at the confluence of the Jhelum and Neelum rivers.,34.373475,73.470241,Muzaffarabad,Azad Kashmir,Village,Photography; Cultural Tours; Village Walks,0 PKR,2,family; couple; peaceful; cultural; educational,3.4
546,Confluence of Jhelum and Neelum Rivers,A dramatic meeting point of two rivers in Muzaffarabad with different colored waters.,34.373475,73.470241,Muzaffarabad,Azad Kashmir,Viewpoint,Photography; Sightseeing,0 PKR,1,family; couple; solo; peaceful; romantic,3.4
547,Pir Chinasi,A scenic hilltop at 2900m above Muzaffarabad with shrines and panoramic views.,34.387905,73.552124,Muzaffarabad,Azad Kashmir,Mountain,Hiking; Photography; Sightseeing; Paragliding,5000 PKR,4,friends; solo; adventurous; thrilling; peaceful,4.4
548,Pir Chinasi Shrine,A Sufi shrine on the Pir Chinasi hilltop visited by devotees and tourists.,34.373475,73.470241,Muzaffarabad,Azad Kashmir,Religious Site,Photography; Sightseeing,0 PKR,2,family; friends; relaxed,3.4
549,Pir Chinasi Road Viewpoint,Multiple viewpoints along the winding road to Pir Chinasi with city and valley views.,34.374451,73.468439,Muzaffarabad,Azad Kashmir,Viewpoint,Photography; Sightseeing,0 PKR,1,family; couple; solo; peaceful; romantic,3.4
550,Muzaffarabad Bazaar,The main market area of Muzaffarabad city with local shops and food stalls.,34.373475,73.470241,Muzaffarabad,Azad Kashmir,Market,Shopping; Food Tasting,500 PKR,2,family; friends; laid-back; festive,3.4
551,Subri Lake,A small lake near Muzaffarabad surrounded by forests and walking trails.,34.373475,73.470241,Muzaffarabad,Azad Kashmir,Lake,Photography; Walking; Picnicking,0 PKR,2,family; couple; relaxed; peaceful,3.4
552,Muzaffarabad Fort (Black Fort),Another historical fortification in Muzaffarabad with strategic military importance.,34.373475,73.470241,Muzaffarabad,Azad Kashmir,Fort,Photography; Sightseeing; History Tours,0 PKR,1.5,family; couple; cultural; educational,3.4
553,Chattar Park,A public park in Muzaffarabad with gardens and recreational facilities.,0.000000,0.000000,Muzaffarabad,Azad Kashmir,Park,Photography; Walking; Picnicking,20 PKR,3,family; couple; friends; relaxed; peaceful,3.6
554,Earthquake Memorial Park,A memorial park commemorating the devastating 2005 earthquake in Muzaffarabad.,34.373475,73.470241,Muzaffarabad,Azad Kashmir,Historical Site,Photography; Sightseeing; History Tours,0 PKR,1.5,family; couple; cultural; educational,3.4
555,Jhelum River Viewpoint,Viewpoints along the Jhelum River as it flows through Muzaffarabad.,34.373475,73.470241,Muzaffarabad,Azad Kashmir,Viewpoint,Photography; Sightseeing,0 PKR,1,family; couple; solo; peaceful; romantic,3.4
556,Langarpura Village,A village near Muzaffarabad known for its scenic location and forest trails.,34.373475,73.470241,Muzaffarabad,Azad Kashmir,Village,Photography; Cultural Tours; Village Walks,0 PKR,2,family; couple; peaceful; cultural; educational; meditative,3.4
557,Muzaffarabad Riverside Walk,A walking trail along the river banks of Muzaffarabad city.,34.374451,73.468439,Muzaffarabad,Azad Kashmir,Park,Photography; Walking; Picnicking,0 PKR,3,family; couple; friends; relaxed; peaceful,3.4
558,Patika Town,A small town near Muzaffarabad known for its beautiful valley and river views.,34.373475,73.470241,Muzaffarabad,Azad Kashmir,Village,Photography; Cultural Tours; Village Walks,0 PKR,2,family; couple; peaceful; cultural; educational,3.4
559,Chattar Domel Bridge,A bridge at the confluence of Jhelum and Neelum rivers offering river views.,34.348497,73.463426,Muzaffarabad,Azad Kashmir,Bridge,Photography; Walking,0 PKR,0.5,friends; solo; adventurous; thrilling,4.3
560,Ghari Dupatta Town,A town near Muzaffarabad with traditional architecture and mountain scenery.,34.373475,73.470241,Muzaffarabad,Azad Kashmir,Village,Photography; Cultural Tours; Village Walks,0 PKR,2,family; couple; peaceful; cultural; educational,3.4
561,Muzaffarabad Botanical Garden,A botanical garden with local and exotic plant species near the city center.,34.373475,73.470241,Muzaffarabad,Azad Kashmir,Park,Photography; Walking; Picnicking,30 PKR,3,family; couple; friends; relaxed; peaceful,3.4
562,Kohala Bridge,A bridge on the Jhelum River marking the entry into Azad Kashmir from Punjab.,0.000000,0.000000,Muzaffarabad,Azad Kashmir,Bridge,Photography; Walking,0 PKR,0.5,friends; solo; adventurous; thrilling,4.3
563,Dhirkot Hill Station,A scenic hill station above Muzaffarabad with cool climate and mountain views.,34.373475,73.470241,Muzaffarabad,Azad Kashmir,Village,Photography; Cultural Tours; Village Walks,0 PKR,2,family; couple; peaceful; cultural; educational,3.4
564,Neelum View Park,A viewpoint park overlooking the Neelum Valley from Muzaffarabad side.,34.374451,73.468439,Muzaffarabad,Azad Kashmir,Park,Photography; Walking; Picnicking,0 PKR,3,family; couple; friends; relaxed; peaceful,3.4
565,Muzaffarabad Sunset Point,A popular sunset viewing spot on the hills above Muzaffarabad city.,34.374451,73.468439,Muzaffarabad,Azad Kashmir,Viewpoint,Photography; Sightseeing; Sunset Viewing,0 PKR,1,family; couple; solo; peaceful; romantic,3.4
566,Chinari Town,A scenic town near Muzaffarabad known for its chinar trees and cool climate.,34.15968,73.81555,Muzaffarabad,Azad Kashmir,Village,Photography; Cultural Tours; Village Walks,0 PKR,2,family; couple; peaceful; cultural; educational,3.4
567,Keran Viewpoint (Muzaffarabad),A viewpoint on the road from Muzaffarabad toward Neelum Valley.,34.373475,73.470241,Muzaffarabad,Azad Kashmir,Viewpoint,Photography; Sightseeing,0 PKR,1,family; couple; solo; peaceful; romantic,3.4
568,Ambore Valley,A scenic valley near Muzaffarabad with hiking trails and rural landscapes.,34.373475,73.470241,Muzaffarabad,Azad Kashmir,Valley,Hiking; Photography; Sightseeing; Nature Walks,0 PKR,5,family; couple; friends; relaxed; peaceful,3.4
569,Chattar Falls,A waterfall near Chattar area in Muzaffarabad accessible by a short walk.,34.373475,73.470241,Muzaffarabad,Azad Kashmir,Waterfall,Hiking; Photography; Sightseeing,0 PKR,1,family; couple; friends; peaceful; romantic,3.4
570,Garhi Dupatta Viewpoint,An elevated viewpoint offering views of the Ghari Dupatta area and surrounding mountains.,34.373475,73.470241,Muzaffarabad,Azad Kashmir,Viewpoint,Photography; Sightseeing,0 PKR,1,family; couple; solo; peaceful; romantic,3.4
571,Muzaffarabad Heritage Walk,A heritage trail through the old parts of Muzaffarabad visiting historical sites.,34.374451,73.468439,Muzaffarabad,Azad Kashmir,Historical Site,Photography; Sightseeing; Walking; History Tours,0 PKR,1.5,family; couple; cultural; educational,3.4
572,Leepa Valley,"One of the most beautiful valleys in AJK with lush forests, waterfalls, and colorful rooftops.",0.000000,0.000000,Leepa Valley,Azad Kashmir,Valley,Hiking; Camping; Photography; Sightseeing; Nature Walks; Cultural Tours,500 PKR,6,family; friends; couple; peaceful; romantic; relaxed,4.8
573,Reshian Village,The main village of Leepa Valley known for its traditional houses with colorful tin roofs.,34.396141,74.007638,Leepa Valley,Azad Kashmir,Village,Photography; Cultural Tours; Village Walks,0 PKR,2,family; couple; peaceful; cultural; educational,4.1
574,Dao Khan Village,A scenic village in Leepa Valley with terraced fields and mountain backdrop.,34.396141,74.007638,Leepa Valley,Azad Kashmir,Village,Photography; Cultural Tours; Village Walks,0 PKR,2,family; couple; peaceful; cultural; educational,4.8
575,Leepa Valley Rice Terraces,Beautiful terraced rice paddy fields in the Leepa Valley reminiscent of Southeast Asia.,34.396141,74.007638,Leepa Valley,Azad Kashmir,Viewpoint,Photography; Sightseeing,0 PKR,1,family; couple; solo; peaceful; romantic,4.8
576,Leepa River,A clear mountain river flowing through the Leepa Valley with fishing and riverside picnic spots.,34.241556,73.648,Leepa Valley,Azad Kashmir,River,Photography; Fishing; Picnicking,500 PKR,2,family; friends; relaxed; peaceful,4.8
577,Reshian Waterfall,A scenic waterfall near Reshian village in the Leepa Valley.,34.396141,74.007638,Leepa Valley,Azad Kashmir,Waterfall,Hiking; Photography; Sightseeing,0 PKR,1,family; couple; friends; peaceful; romantic,4.1
578,Leepa Valley Forest Walk,Walking trails through the dense forests of the Leepa Valley.,34.241556,73.648,Leepa Valley,Azad Kashmir,Forest,Hiking; Photography; Birdwatching; Nature Walks,0 PKR,3,family; couple; solo; relaxed; peaceful; meditative,4.1
579,Noori Top (Leepa Valley),A viewpoint above Leepa Valley offering panoramic views of the entire valley.,34.241556,73.648,Leepa Valley,Azad Kashmir,Viewpoint,Photography; Sightseeing,0 PKR,1,family; couple; solo; peaceful; romantic,4.1
580,Chananian Lake,A scenic lake near Leepa Valley surrounded by dense forests.,34.241556,73.648,Leepa Valley,Azad Kashmir,Lake,Photography; Sightseeing; Picnicking,0 PKR,2.5,family; couple; friends; relaxed; peaceful; meditative,4.1
581,Leepa Valley Camping Ground,Designated camping spots in the Leepa Valley with river and mountain views.,34.380714,74.020025,Leepa Valley,Azad Kashmir,Camping Site,Hiking; Camping; Photography; Stargazing,500 PKR,4,family; friends; adventurous; relaxed; peaceful; romantic; meditative,4.1
582,Chanjal Village,A picturesque village in Leepa Valley with walnut trees and terraced farms.,34.396141,74.007638,Leepa Valley,Azad Kashmir,Village,Photography; Cultural Tours; Village Walks,0 PKR,2,family; couple; peaceful; cultural; educational,4.8
583,Leepa Valley Cherry Trees,Roads lined with cherry and almond blossom trees that bloom spectacularly in spring.,34.241556,73.648,Leepa Valley,Azad Kashmir,Viewpoint,Photography; Sightseeing,0 PKR,1,family; couple; solo; peaceful; romantic,4.8
584,Reshian Fort Ruins,Remnants of a historic fort in Reshian village with strategic valley views.,34.396141,74.007638,Leepa Valley,Azad Kashmir,Fort,Photography; Sightseeing; History Tours,0 PKR,1.5,family; couple; cultural; educational,3.4
585,Leepa Valley Cultural Center,A center showcasing the cultural heritage of the Leepa Valley communities.,34.279,73.809,Leepa Valley,Azad Kashmir,Cultural Site,Photography; Sightseeing; Cultural Tours,0 PKR,1.5,family; couple; cultural; educational,4.8
586,Leepa to Haji Pir Pass Road,A scenic road connecting Leepa Valley to the Haji Pir area with mountain views.,34.241556,73.648,Leepa Valley,Azad Kashmir,Viewpoint,Photography; Sightseeing,0 PKR,1,family; couple; solo; peaceful; romantic,4.1
587,Jandali Village,A small village in Leepa Valley known for its handicrafts and warm hospitality.,34.396141,74.007638,Leepa Valley,Azad Kashmir,Village,Photography; White-water Rafting; Cultural Tours; Village Walks; Handicraft Shopping,3000 PKR,2,family; couple; adventurous; thrilling; energetic; peaceful; cultural; educational,4.1
588,Leepa Valley Sunset Viewpoint,A hilltop spot for watching sunset over the colorful Leepa Valley rooftops.,34.396141,74.007638,Leepa Valley,Azad Kashmir,Viewpoint,Photography; Sightseeing; Sunset Viewing,0 PKR,1,family; couple; solo; peaceful; romantic,4.1
589,Leepa River Bridge,A traditional bridge over the Leepa River connecting valley villages.,34.241556,73.648,Leepa Valley,Azad Kashmir,Bridge,Photography; Walking,0 PKR,0.5,friends; solo; adventurous; thrilling,4.1
590,Sardari Village,A traditional village in the upper Leepa Valley with stunning scenery.,34.396141,74.007638,Leepa Valley,Azad Kashmir,Village,Photography; Cultural Tours; Village Walks,0 PKR,2,family; couple; peaceful; cultural; educational,4.1
591,Leepa Valley Fruit Orchards,"Orchards of apple, walnut, and cherry trees that define the Leepa Valley landscape.",34.396141,74.007638,Leepa Valley,Azad Kashmir,Park,Photography; Walking; Picnicking,0 PKR,3,family; couple; friends; relaxed; peaceful,4.8
592,Banjosa Lake,A scenic pine-surrounded lake near Rawalakot offering boating and lakeside walks.,33.809450,73.816040,Rawalakot,Azad Kashmir,Lake,Photography; Boating; Horse Riding; Walking; Picnicking,800 PKR,2.5,family; couple; friends; relaxed; peaceful; romantic,4.0
593,Rawalakot City,The capital of Poonch district in AJK known for its pleasant climate and scenic location.,33.857228,73.760575,Rawalakot,Azad Kashmir,Village,Photography; Cultural Tours; Village Walks,0 PKR,2,family; couple; peaceful; cultural; educational,3.7
594,Toli Pir,A hilltop viewpoint at 2850m near Rawalakot offering views of the Kashmir Valley and mountains.,0.000000,0.000000,Rawalakot,Azad Kashmir,Viewpoint,Photography; Sightseeing,0 PKR,3,family; couple; friends; spiritual; peaceful; meditative,4.7
595,Poonch River,A scenic river flowing through Rawalakot district with fishing and picnic spots.,33.857228,73.760575,Rawalakot,Azad Kashmir,River,Photography; Fishing; Picnicking,500 PKR,2,family; friends; relaxed; peaceful,3.7
596,Rawalakot Bazaar,The main market of Rawalakot town with local handicrafts and traditional food.,33.857228,73.760575,Rawalakot,Azad Kashmir,Market,White-water Rafting; Shopping; Food Tasting,500 PKR,1.5,family; friends; laid-back,3.7
597,Toli Pir Shrine,A Sufi shrine on the Toli Pir hilltop visited by pilgrims and tourists.,33.857228,73.760575,Rawalakot,Azad Kashmir,Religious Site,Photography; Sightseeing,0 PKR,2,family; friends; relaxed,3.7
598,Khai Gala,A scenic viewpoint near Rawalakot with panoramic mountain and valley views.,33.846851,73.82937,Rawalakot,Azad Kashmir,Viewpoint,Photography; Sightseeing,0 PKR,1,family; couple; solo; peaceful; romantic,4.0
599,Rawalakot Fort,Historical fort ruins near Rawalakot with strategic views of the Poonch Valley.,33.857228,73.760575,Rawalakot,Azad Kashmir,Fort,Photography; Sightseeing; History Tours,0 PKR,1.5,family; couple; cultural; educational,3.7
600,Banjosa Pine Forest,Dense pine forests surrounding Banjosa Lake ideal for nature walks.,33.858458,73.755893,Rawalakot,Azad Kashmir,Forest,Hiking; Photography; Birdwatching; Nature Walks,0 PKR,3,family; couple; solo; relaxed; peaceful; meditative,3.7
601,Tain Dol,A scenic area near Rawalakot known for its lush green hills and valleys.,33.857228,73.760575,Rawalakot,Azad Kashmir,Viewpoint,Photography; Sightseeing,0 PKR,1,family; couple; solo; peaceful; romantic,3.7
602,Thorar Valley,A scenic valley in Poonch district with traditional villages and farming.,33.857228,73.760575,Rawalakot,Azad Kashmir,Valley,Hiking; Photography; Sightseeing; Nature Walks,0 PKR,5,family; couple; friends; relaxed; peaceful,3.7
603,Hajira Town,A town in Poonch district with a bazaar and proximity to the Line of Control.,33.857228,73.760575,Rawalakot,Azad Kashmir,Village,Photography; Shopping; Cultural Tours; Village Walks,0 PKR,2,family; couple; laid-back; peaceful; cultural; educational; festive,3.7
604,Sudhangali Viewpoint,An elevated viewpoint near Rawalakot offering panoramic views of the hills.,33.857228,73.760575,Rawalakot,Azad Kashmir,Viewpoint,Photography; Sightseeing,0 PKR,1,family; couple; solo; peaceful; romantic,3.7
605,Banjosa Lake Boat Club,A boating facility at Banjosa Lake offering rowing and paddle boats.,33.857228,73.760575,Rawalakot,Azad Kashmir,Adventure Spot,Photography; Boating,1000 PKR,2,family; couple; friends; relaxed; romantic,3.7
606,Rawalakot Golf Course,A scenic golf course near Rawalakot set against mountain backdrops.,33.857228,73.760575,Rawalakot,Azad Kashmir,Adventure Spot,Photography; Walking; Golfing,5000 PKR,4,couple; friends; relaxed; laid-back,3.7
607,Poonch Valley Viewpoint,A viewpoint offering sweeping views of the Poonch Valley and surrounding hills.,33.857228,73.760575,Rawalakot,Azad Kashmir,Viewpoint,Photography; Sightseeing,0 PKR,1,family; couple; solo; peaceful; romantic,3.7
608,Abbaspur Town,A town in Poonch with traditional architecture and cultural heritage sites.,33.857228,73.760575,Rawalakot,Azad Kashmir,Village,Photography; Cultural Tours; Village Walks,0 PKR,2,family; couple; peaceful; cultural; educational,3.7
609,Toli Pir Forest Walk,A forest trail leading to the Toli Pir summit through pine and oak trees.,33.858458,73.755893,Rawalakot,Azad Kashmir,Forest,Hiking; Photography; Birdwatching; Nature Walks,0 PKR,3,solo; relaxed; peaceful; meditative,3.7
610,Rawalakot Pine View Resort Area,A scenic area near Rawalakot with pine forests and mountain views.,33.857228,73.760575,Rawalakot,Azad Kashmir,Viewpoint,Photography; Sightseeing,0 PKR,1,family; couple; solo; relaxed; peaceful; romantic; meditative,3.7
611,Tatapani Hot Spring (Poonch),A natural hot water spring in the Poonch district used for therapeutic bathing.,33.857228,73.760575,Rawalakot,Azad Kashmir,Hot Spring,Photography; Hot Spring Bathing; Relaxation,300 PKR,1.5,family; couple; relaxed; peaceful,3.7
612,Bagh City,The capital of Bagh district in AJK known for its climate and proximity to scenic valleys.,33.78941,73.55131,Bagh,Azad Kashmir,Village,Photography; Cultural Tours; Village Walks,0 PKR,2,family; couple; peaceful; cultural; educational,4.4
613,Bagh Fort,Historical fort ruins in Bagh with views over the town and surrounding hills.,33.78941,73.55131,Bagh,Azad Kashmir,Fort,Photography; Sightseeing; History Tours,0 PKR,1.5,family; couple; cultural; educational,4.4
614,Sudhan Gali,A scenic mountain pass connecting Bagh with Muzaffarabad offering panoramic views.,33.99745,73.775281,Bagh,Azad Kashmir,Pass,Photography; Sightseeing,0 PKR,1.5,family; couple; friends; adventurous; peaceful; romantic,4.5
615,Bagh Waterfall,A waterfall near Bagh town accessible by a short walk through green hills.,33.78941,73.55131,Bagh,Azad Kashmir,Waterfall,Hiking; Photography; Sightseeing; Walking,0 PKR,1,family; couple; friends; peaceful; romantic,5.0
616,Dhalkania Lake,A small scenic lake near Bagh surrounded by forested hills.,34.367754,74.557543,Bagh,Azad Kashmir,Lake,Photography; Sightseeing; Boating; Picnicking,1000 PKR,2,family; couple; relaxed; peaceful,4.0
617,Bagh Pine Forest,Dense pine forests in the Bagh district ideal for nature walks and camping.,33.980008,73.773788,Bagh,Azad Kashmir,Forest,Hiking; Camping; Photography; Birdwatching; Nature Walks,500 PKR,3,family; couple; peaceful; meditative; relaxed,4.5
618,Los Meadow,A high-altitude meadow above Bagh with panoramic views and camping opportunities.,33.980008,73.773788,Bagh,Azad Kashmir,Meadow,Hiking; Camping; Photography; Picnicking; Stargazing,500 PKR,3,friends; family; peaceful; relaxed,4.7
619,Bagh Bazaar,The traditional marketplace of Bagh town with local handicrafts and produce.,33.980008,73.773788,Bagh,Azad Kashmir,Market,White-water Rafting; Shopping; Food Tasting,500 PKR,1.5,family; friends; laid-back,4.2
620,Hari Ghel Top,A hilltop viewpoint near Bagh offering views of the surrounding valleys and peaks.,34.01,73.77,Bagh,Azad Kashmir,Viewpoint,Photography; Sightseeing,0 PKR,1,solo; peaceful; romantic,4.5
621,Dhamni Valley,A fertile valley near Bagh with orchards and traditional villages.,33.976619,73.791289,Bagh,Azad Kashmir,Valley,Hiking; Photography; Sightseeing; Nature Walks; Walking,0 PKR,5,family; couple; friends; relaxed; peaceful,4.6
622,Bagh Riverside Picnic Area,A riverside recreation area along the streams near Bagh town.,33.980008,73.773788,Bagh,Azad Kashmir,Park,Photography; Walking; Picnicking,0 PKR,3,family; couple; friends; relaxed; peaceful,4.4
623,Malot Temple Ruins (Bagh Side),Ancient Hindu temple ruins near the Bagh district with archaeological significance.,33.94,73.8,Bagh,Azad Kashmir,Archaeological Site,Photography; Sightseeing; History Tours,0 PKR,1.5,family; couple; cultural; educational,4.2
624,Sudhan Gali Pine Walk,A scenic walk through pine forests near Sudhan Gali pass.,33.976619,73.791289,Bagh,Azad Kashmir,Forest,Hiking; Photography; Birdwatching; Nature Walks,0 PKR,3,family; couple; solo; relaxed; peaceful; meditative,4.5
625,Bagh Valley Viewpoint,An elevated viewpoint overlooking the Bagh district valley and settlements.,33.980008,73.773788,Bagh,Azad Kashmir,Viewpoint,Photography; Sightseeing,0 PKR,1,family; couple; solo; peaceful; romantic,4.5
626,Kahuta Town (AJK),A town in the Haveli district near Bagh with scenic mountain views.,33.88374,74.104667,Bagh,Azad Kashmir,Village,Photography; Cultural Tours; Village Walks,0 PKR,2,family; couple; peaceful; cultural; educational,4.2
627,Hattian Bala Town,The capital of Hattian Bala district in AJK known for its natural beauty.,34.170579,73.742835,Hattian Bala,Azad Kashmir,Village,Photography; Cultural Tours; Village Walks,0 PKR,2,family; couple; peaceful; cultural; educational,5.0
628,Leswa Valley,A scenic valley in Hattian Bala with traditional villages and forest trails.,34.1704,73.73379,Hattian Bala,Azad Kashmir,Valley,Hiking; Photography; Sightseeing; Nature Walks,0 PKR,5,family; couple; friends; relaxed; peaceful; meditative,4.1
629,Hattian Bala Lake,"A lake formed after the 2005 earthquake, now a scenic attraction.",34.1691,73.7432,Hattian Bala,Azad Kashmir,Lake,Photography; Sightseeing; Boating; Picnicking,1000 PKR,2,family; couple; relaxed; peaceful,4.4
630,Jhelum Valley,The valley of the Jhelum River in AJK with historical sites and scenic beauty.,34.178948,73.708526,Hattian Bala,Azad Kashmir,Valley,Hiking; Photography; Sightseeing; Nature Walks,0 PKR,5,family; couple; friends; relaxed; peaceful; cultural; educational,4.1
631,Chikar Town,A small town in the Jhelum Valley known for its pleasant climate.,34.16,73.58,Hattian Bala,Azad Kashmir,Village,Photography; Cultural Tours; Village Walks,0 PKR,2,family; couple; peaceful; cultural; educational,5.0
632,Danna Hill Station,A hill station near Hattian Bala with cool climate and mountain scenery.,34.170579,73.742835,Hattian Bala,Azad Kashmir,Village,Photography; Cultural Tours; Village Walks,0 PKR,2,family; couple; peaceful; cultural; educational,5.0
633,Hattian Bala Forest Reserve,Protected forests in the Hattian Bala district with diverse wildlife.,34.170579,73.742835,Hattian Bala,Azad Kashmir,Forest,Hiking; Photography; Wildlife Watching; Birdwatching; Nature Walks,0 PKR,3,family; couple; solo; relaxed; peaceful; meditative,5.0
634,Lachrat Viewpoint,A viewpoint near Hattian Bala offering views of the Kashmir Mountains.,34.175,73.735,Hattian Bala,Azad Kashmir,Viewpoint,Photography; Sightseeing,0 PKR,1,family; couple; solo; peaceful; romantic,4.5
635,Chattar Klass Village,A traditional village in the Jhelum Valley with wooden houses and terraced farms.,34.170579,73.742835,Hattian Bala,Azad Kashmir,Village,Photography; Cultural Tours; Village Walks,0 PKR,2,family; couple; peaceful; cultural; educational,4.0
636,Hattian Bala Earthquake Site,Sites in Hattian Bala area showing the impact of the massive 2005 earthquake.,34.170579,73.742835,Hattian Bala,Azad Kashmir,Historical Site,Photography; Sightseeing; History Tours,0 PKR,1.5,family; couple; cultural; educational,4.3
637,Chamiati Village,A scenic village in Hattian Bala with mountain views and rural charm.,34.170579,73.742835,Hattian Bala,Azad Kashmir,Village,Photography; Cultural Tours; Village Walks,0 PKR,2,family; couple; peaceful; cultural; educational,4.0
638,Jhelum Valley Forest Walk,Walking trails through the forests of the Jhelum Valley near Hattian Bala.,34.1704,73.73379,Hattian Bala,Azad Kashmir,Forest,Hiking; Photography; Birdwatching; Nature Walks,0 PKR,3,family; couple; solo; relaxed; peaceful; meditative,4.8
639,Mall Road Murree,The main commercial street of Murree lined with colonial-era buildings and shops selling souvenirs and local handicrafts.,33.90535,73.3922,Murree,Punjab,Market,Photography; Walking; Shopping; Food Tasting,500 PKR,2,family; friends; couple; laid-back; festive,3.5
640,Pindi Point,A scenic hilltop viewpoint offering panoramic views of Rawalpindi and Islamabad with a chairlift ride descending 1.5 km.,33.892906,73.379416,Murree,Punjab,Viewpoint,Photography; Sightseeing; Chairlift Ride,1000 PKR,1.5,family; couple; friends; relaxed; thrilling,3.5
641,Kashmir Point,"The highest vantage point in Murree at 7500 feet offering sweeping views of Kashmir mountains, lush forests, and valleys.",33.913628,73.404200,Murree,Punjab,Viewpoint,Photography; Sightseeing; Horse Riding; Picnicking,800 PKR,1,family; couple; romantic; peaceful; relaxed,4.4
642,Patriata (New Murree),A hill station 15 km from Murree featuring a famous 7 km chairlift and cable car system with panoramic views of pine-covered hills.,33.871948,73.457441,Murree,Punjab,Adventure Spot,Photography; Sightseeing; Chairlift Ride; Zip Lining; Walking,1500 PKR,3,family; friends; adventurous; thrilling; energetic,4.0
643,GPO Murree,A colonial-era General Post Office building on Mall Road established in 1867 housing a postal museum with historical stamps and artifacts.,33.90703,73.394564,Murree,Punjab,Historical Site,Photography; Sightseeing; History Tours; Museum Visit,50 PKR,1.5,family; couple; cultural; educational,3.5
644,Murree Wildlife Park (Bansra Gali),A 240-acre wildlife sanctuary established in 1986 housing Siberian tigers and Asian black bears among pine forests adjacent to Lawrence College.,33.577229,73.127058,Murree,Punjab,Park,Photography; Wildlife Watching; Birdwatching; Walking; Picnicking,50 PKR,3,family; couple; friends; relaxed; peaceful; meditative,4.3
645,Pindi Point Chairlift,A 1.5 km chairlift ride from Pindi Point descending to Bansra Gali with aerial views of the twin cities and surrounding valleys.,33.894058,73.373408,Murree,Punjab,Adventure Spot,Photography; Sightseeing; Chairlift Ride,1000 PKR,1,family; friends; couple; thrilling; adventurous,4.4
646,Bhurban,A hill station 9 km from Murree city nestled in thick pine forests with views of the Kashmir Valley and snow-clad mountains.,33.95454,73.45322,Murree,Punjab,Village,Photography; Sightseeing; Walking; Dining; Golfing,3000 PKR,4,couple; family; relaxed; romantic; laid-back,4.0
647,Ghora Gali,A historic hill station on the Murree road known as the original site of the Murree Brewery established in 1860 during the British era.,33.895084,73.368443,Murree,Punjab,Historical Site,Photography; Sightseeing; Walking; History Tours,0 PKR,1.5,family; couple; cultural; educational,3.5
648,Jhika Gali,A scenic pass on the Rawalpindi-Murree road known for its mountain views and cool climate surrounded by pine forests.,33.91507,73.419541,Murree,Punjab,Viewpoint,Photography; Sightseeing; Nature Walks; Walking,0 PKR,1,family; couple; solo; relaxed; peaceful; romantic; meditative,4.4
649,St Margaret's Church Murree,A colonial-era church in Murree declared a special heritage premises under the Special Premises Preservation Ordinance 1985.,33.905683,73.392674,Murree,Punjab,Historical Site,Photography; Sightseeing; History Tours,0 PKR,1.5,family; couple; cultural; educational,3.5
650,Punjab House Murree,A historic mansion built in 1937 featuring three floors with executive suites used as a state guest house and Chief Minister's annexe.,33.905683,73.392674,Murree,Punjab,Historical Site,Photography; Sightseeing; History Tours,0 PKR,1.5,family; couple; cultural; educational,3.5
651,Patriata Chairlift and Cable Car,A cable car and chairlift system stretching 7 km over pine-covered hills offering bird's-eye views of valleys and snow-capped peaks.,33.905683,73.392674,Murree,Punjab,Adventure Spot,Photography; Sightseeing; Chairlift Ride,1000 PKR,1.5,family; friends; couple; thrilling; adventurous,3.5
